Size, Time, Threads
5, 234300, 1
6, 137500, 1
7, 137800, 1
8, 141900, 1
9, 198900, 1
10, 153800, 1
11, 141900, 1
12, 159600, 1
13, 177500, 1
14, 144900, 1
15, 145300, 1
16, 149100, 1
17, 153800, 1
18, 183100, 1
19, 165300, 1
20, 160000, 1
21, 162400, 1
22, 280500, 1
23, 177100, 1
24, 181400, 1
25, 183200, 1
26, 188000, 1
27, 195700, 1
28, 217900, 1
29, 252700, 1
30, 208700, 1
31, 222000, 1
32, 223800, 1
33, 247600, 1
34, 240400, 1
35, 249600, 1
36, 275800, 1
37, 267500, 1
38, 287200, 1
39, 288800, 1
40, 310900, 1
41, 323900, 1
42, 344100, 1
43, 341200, 1
44, 363100, 1
45, 457900, 1
46, 412000, 1
47, 402800, 1
48, 467500, 1
49, 445100, 1
50, 457000, 1
51, 478800, 1
52, 495500, 1
53, 531400, 1
54, 552100, 1
55, 586100, 1
56, 596300, 1
57, 658800, 1
58, 645300, 1
59, 658900, 1
60, 755500, 1
61, 722900, 1
62, 747200, 1
63, 781100, 1
64, 806500, 1
65, 841800, 1
66, 871500, 1
67, 925600, 1
68, 953300, 1
69, 963200, 1
70, 1062100, 1
71, 1045100, 1
72, 1075600, 1
73, 1123800, 1
74, 1192700, 1
75, 1288500, 1
76, 1324000, 1
77, 1348100, 1
78, 1453300, 1
79, 1454000, 1
80, 1483000, 1
81, 1571400, 1
82, 1645000, 1
83, 1712300, 1
84, 1717300, 1
85, 1728400, 1
86, 1780100, 1
87, 1813900, 1
88, 1983100, 1
89, 1915500, 1
90, 1970100, 1
91, 2178100, 1
92, 2307000, 1
93, 2265100, 1
94, 2365600, 1
95, 2291100, 1
96, 2563600, 1
97, 2443100, 1
98, 2547000, 1
99, 2703800, 1
100, 2838500, 1
101, 3037400, 1
102, 2860100, 1
103, 2946700, 1
104, 2987000, 1
105, 3053800, 1
106, 3160000, 1
107, 3251100, 1
108, 3550600, 1
109, 3492100, 1
110, 3632700, 1
111, 3572700, 1
112, 3685300, 1
113, 5564400, 1
114, 4140700, 1
115, 3990400, 1
116, 4069100, 1
117, 4173700, 1
118, 4600600, 1
119, 4652500, 1
120, 4757000, 1
121, 4587400, 1
122, 4708000, 1
123, 4859400, 1
124, 4914600, 1
125, 5133500, 1
126, 5219600, 1
127, 5273300, 1
128, 7070000, 1
129, 5510000, 1
130, 5642500, 1
131, 5945500, 1
132, 5904000, 1
133, 6483200, 1
134, 6311400, 1
135, 6900600, 1
136, 6447700, 1
137, 6595700, 1
138, 6737200, 1
139, 6870700, 1
140, 6972100, 1
141, 7501600, 1
142, 7383000, 1
143, 7563500, 1
144, 7609400, 1
145, 7731500, 1
146, 8183600, 1
147, 8255900, 1
148, 8202800, 1
149, 8417600, 1
150, 8518200, 1
151, 8669900, 1
152, 8851200, 1
153, 9020600, 1
154, 9327500, 1
155, 9374000, 1
156, 9964000, 1
157, 9887700, 1
158, 10674800, 1
159, 12490000, 1
160, 10654700, 1
161, 11961200, 1
162, 11386000, 1
163, 11426700, 1
164, 11750900, 1
165, 12281900, 1
166, 11663600, 1
167, 14146400, 1
168, 14273900, 1
169, 12658300, 1
170, 13936200, 1
171, 14370100, 1
172, 12840600, 1
173, 13341700, 1
174, 13300500, 1
175, 13220600, 1
176, 13650100, 1
177, 13894700, 1
178, 14807300, 1
179, 13773600, 1
180, 15362800, 1
181, 14258100, 1
182, 17160400, 1
183, 15117400, 1
184, 15582300, 1
185, 17213100, 1
186, 17335500, 1
187, 16714700, 1
188, 16632200, 1
189, 17668500, 1
190, 17274200, 1
191, 17168400, 1
192, 20773500, 1
193, 18269900, 1
194, 17991700, 1
195, 20338600, 1
196, 19762800, 1
197, 19608900, 1
198, 21161500, 1
199, 19781500, 1
200, 19731200, 1
201, 20585000, 1
202, 20123600, 1
203, 20369300, 1
204, 21744100, 1
205, 24650100, 1
206, 22532700, 1
207, 21419800, 1
208, 22438300, 1
209, 22374100, 1
210, 23237000, 1
211, 23576500, 1
212, 23287100, 1
213, 23414300, 1
214, 24187300, 1
215, 25512500, 1
216, 25008900, 1
217, 25413300, 1
218, 25794200, 1
219, 25778100, 1
220, 25468900, 1
221, 27955900, 1
222, 28351100, 1
223, 27361100, 1
224, 27804400, 1
225, 28120600, 1
226, 30171800, 1
227, 29655900, 1
228, 29040400, 1
229, 29357000, 1
230, 30104700, 1
231, 30578300, 1
232, 30167800, 1
233, 30638000, 1
234, 32640700, 1
235, 31269300, 1
236, 32625700, 1
237, 32339600, 1
238, 34213400, 1
239, 33745800, 1
240, 34277600, 1
241, 41275400, 1
242, 38668600, 1
243, 38393600, 1
244, 37515500, 1
245, 38147200, 1
246, 36534300, 1
247, 38785300, 1
248, 38160600, 1
249, 38518100, 1
250, 41047700, 1
251, 42713000, 1
252, 43933500, 1
253, 43370300, 1
254, 42669700, 1
255, 44851800, 1
256, 49799900, 1
257, 43209300, 1
258, 44312500, 1
259, 44931400, 1
260, 44524800, 1
261, 46590400, 1
262, 46978600, 1
263, 46537100, 1
264, 48863800, 1
265, 47610800, 1
266, 49661000, 1
267, 50279600, 1
268, 49601800, 1
269, 52323400, 1
270, 52529100, 1
271, 56666000, 1
272, 52790700, 1
273, 61589200, 1
274, 55216600, 1
275, 54692700, 1
276, 55481700, 1
277, 56613100, 1
278, 56859900, 1
279, 58172000, 1
280, 66335100, 1
281, 61517500, 1
282, 61215600, 1
283, 61971100, 1
284, 60566500, 1
285, 63315400, 1
286, 65403600, 1
287, 73110400, 1
288, 73526200, 1
289, 65887200, 1
290, 66673500, 1
291, 68295000, 1
292, 75150700, 1
293, 74784100, 1
294, 77622500, 1
295, 79374100, 1
296, 98537200, 1
297, 85026800, 1
298, 82248300, 1
299, 76056600, 1
300, 81181500, 1
301, 74589600, 1
302, 75702100, 1
303, 82984800, 1
304, 79591400, 1
305, 80661700, 1
306, 80354600, 1
307, 81002500, 1
308, 80734500, 1
309, 83878200, 1
310, 82716700, 1
311, 83231000, 1
312, 91975700, 1
313, 89036800, 1
314, 86840700, 1
315, 99995000, 1
316, 87758800, 1
317, 93657800, 1
318, 93439100, 1
319, 93452500, 1
320, 100677200, 1
321, 95814600, 1
322, 93365600, 1
323, 94660600, 1
324, 94531800, 1
325, 96415900, 1
326, 99887400, 1
327, 97922900, 1
328, 97394700, 1
329, 100206000, 1
330, 100814400, 1
331, 100135400, 1
332, 101454200, 1
333, 104091600, 1
334, 104308600, 1
335, 104104400, 1
336, 108833200, 1
337, 107643000, 1
338, 109591700, 1
339, 108764400, 1
340, 121661800, 1
341, 122454600, 1
342, 128294400, 1
343, 111701100, 1
344, 111496900, 1
345, 120930000, 1
346, 115583900, 1
347, 113562000, 1
348, 116641900, 1
349, 127134000, 1
350, 121566700, 1
351, 119677900, 1
352, 135545400, 1
353, 136070300, 1
354, 134359000, 1
355, 133244400, 1
356, 132797200, 1
357, 128733200, 1
358, 127914600, 1
359, 127268300, 1
360, 131139500, 1
361, 132619300, 1
362, 135913400, 1
363, 133094900, 1
364, 135133400, 1
365, 137924100, 1
366, 137510900, 1
367, 137947200, 1
368, 134995800, 1
369, 144186500, 1
370, 141410600, 1
371, 143135100, 1
372, 148151600, 1
373, 145134300, 1
374, 149532400, 1
375, 151372000, 1
376, 148032600, 1
377, 154785500, 1
378, 152393400, 1
379, 153207800, 1
380, 151733400, 1
381, 199751800, 1
382, 157999800, 1
383, 157236300, 1
384, 190949300, 1
385, 162688200, 1
386, 175006100, 1
387, 170455700, 1
388, 197008300, 1
389, 188142600, 1
390, 180897800, 1
391, 173428400, 1
392, 170279500, 1
393, 171586400, 1
394, 183257200, 1
395, 175453400, 1
396, 177447600, 1
397, 177458100, 1
398, 182710600, 1
399, 182463200, 1
400, 182184500, 1
401, 186593300, 1
402, 186761400, 1
403, 188951700, 1
404, 184660400, 1
405, 186764300, 1
406, 189860400, 1
407, 194128100, 1
408, 193675700, 1
409, 203617400, 1
410, 212366200, 1
411, 202130100, 1
412, 198749300, 1
413, 204905300, 1
414, 206957400, 1
415, 208655600, 1
416, 219838000, 1
417, 215410400, 1
418, 212856700, 1
419, 222064600, 1
420, 220664500, 1
421, 219637200, 1
422, 223188300, 1
423, 218662900, 1
424, 216728800, 1
425, 221785700, 1
426, 220604300, 1
427, 230834000, 1
428, 228345300, 1
429, 228216800, 1
430, 229520400, 1
431, 240446900, 1
432, 221536400, 1
433, 234660200, 1
434, 237633400, 1
435, 248683300, 1
436, 253769800, 1
437, 252896600, 1
438, 247877000, 1
439, 276410800, 1
440, 244315300, 1
441, 251009000, 1
442, 247456300, 1
443, 258149300, 1
444, 261168600, 1
445, 258038700, 1
446, 254785300, 1
447, 257427400, 1
448, 288320400, 1
449, 263374400, 1
450, 260919800, 1
451, 276472200, 1
452, 292185400, 1
453, 270170600, 1
454, 276005400, 1
455, 343510500, 1
456, 276258000, 1
457, 279100500, 1
458, 283526700, 1
459, 304166500, 1
460, 288802200, 1
461, 294789600, 1
462, 290530800, 1
463, 294664700, 1
464, 282673700, 1
465, 307113900, 1
466, 301798600, 1
467, 300150600, 1
468, 312875100, 1
469, 302493200, 1
470, 302862700, 1
471, 308038200, 1
472, 308937700, 1
473, 317606600, 1
474, 319707800, 1
475, 325518800, 1
476, 317725500, 1
477, 326316700, 1
478, 342598300, 1
479, 331453400, 1
480, 353307400, 1
481, 334380200, 1
482, 385798000, 1
483, 346897600, 1
484, 339714400, 1
485, 358374400, 1
486, 346850600, 1
487, 351429100, 1
488, 347672900, 1
489, 376196200, 1
490, 356495100, 1
491, 357531200, 1
492, 358858000, 1
493, 383132700, 1
494, 366883000, 1
495, 373126100, 1
496, 362385700, 1
497, 374048700, 1
498, 378949600, 1
499, 379167000, 1
500, 375621700, 1
501, 389596400, 1
502, 389799400, 1
503, 393887900, 1
504, 394389900, 1
505, 401782100, 1
506, 399639000, 1
507, 403534700, 1
508, 403963000, 1
509, 404230300, 1
510, 415553500, 1
511, 399965200, 1
512, 560812200, 1
513, 423486200, 1
514, 423490500, 1
515, 429131500, 1
516, 420763200, 1
517, 426770200, 1
518, 427706100, 1
519, 434764800, 1
520, 434399200, 1
521, 440242700, 1
522, 439171300, 1
523, 445901700, 1
524, 444553300, 1
525, 462714100, 1
526, 473298500, 1
527, 497948800, 1
528, 485467000, 1
529, 485502500, 1
530, 462879500, 1
531, 555095600, 1
532, 467075400, 1
533, 561274200, 1
534, 581195600, 1
535, 604545400, 1
536, 555518000, 1
537, 573381100, 1
538, 580217500, 1
539, 616579500, 1
540, 585764000, 1
541, 564073300, 1
542, 552919000, 1
543, 602355400, 1
544, 624317300, 1
545, 602475500, 1
546, 658937800, 1
547, 557112500, 1
548, 622358300, 1
549, 569855500, 1
550, 634423200, 1
551, 559739600, 1
552, 544339100, 1
553, 562827100, 1
554, 591728600, 1
555, 619970700, 1
556, 619851500, 1
557, 667758200, 1
558, 615609400, 1
559, 532157400, 1
560, 589066400, 1
561, 622121900, 1
562, 640432900, 1
563, 569094600, 1
564, 634753200, 1
565, 736040600, 1
566, 621139400, 1
567, 620911300, 1
568, 556434800, 1
569, 684211300, 1
570, 642236600, 1
571, 621310400, 1
572, 645221500, 1
573, 616876100, 1
574, 653982900, 1
575, 650677600, 1
576, 646121700, 1
577, 658161800, 1
578, 662648300, 1
579, 592988500, 1
580, 669517300, 1
581, 668401000, 1
582, 709174700, 1
583, 687999900, 1
584, 676252500, 1
585, 814522700, 1
586, 694387900, 1
587, 707878800, 1
588, 712866500, 1
589, 708956100, 1
590, 737411500, 1
591, 708428800, 1
592, 688993100, 1
593, 707133900, 1
594, 727886900, 1
595, 730134400, 1
596, 735741800, 1
597, 720134400, 1
598, 762335700, 1
599, 740733700, 1
600, 752384500, 1
601, 750483500, 1
602, 859342800, 1
603, 783031400, 1
604, 882259800, 1
605, 753056200, 1
606, 846919600, 1
607, 951796000, 1
608, 985589100, 1
609, 1129161700, 1
610, 1103862000, 1
611, 1139549100, 1
612, 1027385300, 1
613, 971594600, 1
614, 978906300, 1
615, 991175900, 1
616, 932411600, 1
617, 1257152900, 1
618, 1187907600, 1
619, 1143967500, 1
620, 1157709600, 1
621, 1016004400, 1
622, 1048220300, 1
623, 1034130200, 1
624, 964287500, 1
625, 1051352200, 1
626, 1129912800, 1
627, 1210309800, 1
628, 1250864000, 1
629, 1054773500, 1
630, 1090156500, 1
631, 1066063300, 1
632, 1001927400, 1
633, 1031807100, 1
634, 1114589400, 1
635, 1113022900, 1
636, 1120456000, 1
637, 1047396800, 1
638, 1090792200, 1
639, 977224100, 1
640, 1184057200, 1
641, 1129667400, 1
642, 1147077400, 1
643, 1145128700, 1
644, 1162245700, 1
645, 1165774400, 1
646, 1195798600, 1
647, 1173554800, 1
648, 1091196600, 1
649, 1185516500, 1
650, 1093388200, 1
651, 1034758700, 1
652, 1073273700, 1
653, 1044468000, 1
654, 1124191700, 1
655, 1108228900, 1
656, 964532600, 1
657, 1040300300, 1
658, 1065949600, 1
659, 1250333600, 1
660, 1086114400, 1
661, 1120153500, 1
662, 1180484500, 1
663, 1075671000, 1
664, 1062031800, 1
665, 1326301800, 1
666, 1094006500, 1
667, 1131105000, 1
668, 1262211300, 1
669, 1380959100, 1
670, 1567270500, 1
671, 1559440900, 1
672, 1239635400, 1
673, 1432584300, 1
674, 1576805800, 1
675, 1889447800, 1
676, 1494869600, 1
677, 1515936400, 1
678, 1401732700, 1
679, 1443218900, 1
680, 1365422800, 1
681, 1427815500, 1
682, 1454592700, 1
683, 1559610600, 1
684, 1659490300, 1
685, 1559053600, 1
686, 1752135800, 1
687, 1686648100, 1
688, 1507969900, 1
689, 1671476500, 1
690, 1782221000, 1
691, 1482163500, 1
692, 1281207800, 1
693, 1589347000, 1
694, 1516530800, 1
695, 1728762400, 1
696, 1672881800, 1
697, 1540560500, 1
698, 1928120000, 1
699, 1439645800, 1
5, 460500, 4
6, 316000, 4
7, 473700, 4
8, 345600, 4
9, 351300, 4
10, 356000, 4
11, 360700, 4
12, 335000, 4
13, 432800, 4
14, 370700, 4
15, 401900, 4
16, 510600, 4
17, 514000, 4
18, 523400, 4
19, 308600, 4
20, 347700, 4
21, 483700, 4
22, 394400, 4
23, 319200, 4
24, 381800, 4
25, 447700, 4
26, 515700, 4
27, 365400, 4
28, 383500, 4
29, 364000, 4
30, 536400, 4
31, 632700, 4
32, 385300, 4
33, 344400, 4
34, 441300, 4
35, 372900, 4
36, 320500, 4
37, 753000, 4
38, 433700, 4
39, 474700, 4
40, 405800, 4
41, 366300, 4
42, 642300, 4
43, 400800, 4
44, 379000, 4
45, 425700, 4
46, 367400, 4
47, 366400, 4
48, 977100, 4
49, 390500, 4
50, 504500, 4
51, 444600, 4
52, 533700, 4
53, 558100, 4
54, 597600, 4
55, 517300, 4
56, 510000, 4
57, 1074100, 4
58, 629200, 4
59, 721500, 4
60, 756300, 4
61, 708300, 4
62, 515400, 4
63, 557900, 4
64, 724700, 4
65, 716300, 4
66, 602800, 4
67, 508100, 4
68, 691100, 4
69, 709700, 4
70, 779700, 4
71, 618800, 4
72, 660400, 4
73, 764400, 4
74, 640400, 4
75, 698600, 4
76, 840200, 4
77, 1049900, 4
78, 687000, 4
79, 668300, 4
80, 954200, 4
81, 670500, 4
82, 745200, 4
83, 734300, 4
84, 942800, 4
85, 851200, 4
86, 822200, 4
87, 851400, 4
88, 824600, 4
89, 1320600, 4
90, 991300, 4
91, 1002900, 4
92, 1581700, 4
93, 1793200, 4
94, 868700, 4
95, 1507700, 4
96, 1685000, 4
97, 1001100, 4
98, 984600, 4
99, 1021100, 4
100, 1047400, 4
101, 1013800, 4
102, 1096200, 4
103, 1343400, 4
104, 1379800, 4
105, 1903600, 4
106, 1393200, 4
107, 1120200, 4
108, 1167100, 4
109, 1394400, 4
110, 1269900, 4
111, 1234500, 4
112, 1123400, 4
113, 1242000, 4
114, 1366500, 4
115, 1384100, 4
116, 1248700, 4
117, 1432300, 4
118, 1474000, 4
119, 1724300, 4
120, 1392200, 4
121, 2620900, 4
122, 1432300, 4
123, 1806800, 4
124, 1724300, 4
125, 2273900, 4
126, 1900500, 4
127, 1553000, 4
128, 2082200, 4
129, 1651700, 4
130, 1645800, 4
131, 1674800, 4
132, 1911000, 4
133, 2058900, 4
134, 2089000, 4
135, 2244000, 4
136, 2029700, 4
137, 2471600, 4
138, 2325600, 4
139, 2107400, 4
140, 2427700, 4
141, 2332900, 4
142, 2343400, 4
143, 4505400, 4
144, 2834500, 4
145, 2300000, 4
146, 2395500, 4
147, 2317500, 4
148, 2758100, 4
149, 2483300, 4
150, 2673100, 4
151, 2477000, 4
152, 2614300, 4
153, 2833500, 4
154, 2877000, 4
155, 2641500, 4
156, 2767600, 4
157, 2768800, 4
158, 3033800, 4
159, 3059600, 4
160, 2980900, 4
161, 2995300, 4
162, 3296900, 4
163, 3150600, 4
164, 3341300, 4
165, 3478700, 4
166, 3745200, 4
167, 3647000, 4
168, 3698300, 4
169, 3922200, 4
170, 3828700, 4
171, 7908400, 4
172, 4673700, 4
173, 7542700, 4
174, 4655700, 4
175, 6870300, 4
176, 5380400, 4
177, 9192200, 4
178, 6389200, 4
179, 9366600, 4
180, 4763400, 4
181, 9358500, 4
182, 5685800, 4
183, 9097900, 4
184, 5857000, 4
185, 9210100, 4
186, 10797800, 4
187, 9345400, 4
188, 10342700, 4
189, 8010500, 4
190, 11153100, 4
191, 7531300, 4
192, 8098200, 4
193, 11230600, 4
194, 13388800, 4
195, 14251500, 4
196, 11810200, 4
197, 12209400, 4
198, 6566500, 4
199, 13118700, 4
200, 8141300, 4
201, 13097700, 4
202, 10195000, 4
203, 13015300, 4
204, 11904700, 4
205, 13373800, 4
206, 13494700, 4
207, 11435800, 4
208, 15911400, 4
209, 9107200, 4
210, 15899400, 4
211, 15941800, 4
212, 13005400, 4
213, 14410500, 4
214, 18539600, 4
215, 17725800, 4
216, 18245300, 4
217, 16615600, 4
218, 18815500, 4
219, 22865900, 4
220, 18681200, 4
221, 18944400, 4
222, 18280100, 4
223, 19758400, 4
224, 20582500, 4
225, 14018900, 4
226, 15485200, 4
227, 19823700, 4
228, 17284400, 4
229, 18787000, 4
230, 21167300, 4
231, 17976600, 4
232, 18298000, 4
233, 17407400, 4
234, 17927200, 4
235, 21601300, 4
236, 17597700, 4
237, 10180300, 4
238, 9936400, 4
239, 9795000, 4
240, 10277700, 4
241, 11282900, 4
242, 9886100, 4
243, 10223600, 4
244, 9844900, 4
245, 12862300, 4
246, 10788400, 4
247, 24842700, 4
248, 12705800, 4
249, 13102200, 4
250, 12135600, 4
251, 11429000, 4
252, 16470800, 4
253, 25555300, 4
254, 18978100, 4
255, 19699600, 4
256, 14949100, 4
257, 12779500, 4
258, 12893700, 4
259, 13985700, 4
260, 12933400, 4
261, 12627000, 4
262, 12674600, 4
263, 12318000, 4
264, 12898200, 4
265, 13667400, 4
266, 16107500, 4
267, 12875000, 4
268, 13997400, 4
269, 13454400, 4
270, 21868600, 4
271, 15262300, 4
272, 13856600, 4
273, 16898900, 4
274, 14438400, 4
275, 16371400, 4
276, 15946300, 4
277, 15449500, 4
278, 15637800, 4
279, 17595200, 4
280, 16055600, 4
281, 36633200, 4
282, 32592500, 4
283, 32985800, 4
284, 27976200, 4
285, 32819300, 4
286, 34310500, 4
287, 18323500, 4
288, 21238000, 4
289, 18616000, 4
290, 18688300, 4
291, 35798100, 4
292, 35280000, 4
293, 33756500, 4
294, 31916800, 4
295, 42465800, 4
296, 25128600, 4
297, 22341600, 4
298, 21462400, 4
299, 20203400, 4
300, 20224000, 4
301, 21530000, 4
302, 30621400, 4
303, 20431800, 4
304, 26156300, 4
305, 28592100, 4
306, 22536600, 4
307, 24214500, 4
308, 22921700, 4
309, 23478600, 4
310, 39332800, 4
311, 43449300, 4
312, 23406400, 4
313, 26080600, 4
314, 23712300, 4
315, 32688700, 4
316, 42671700, 4
317, 39689700, 4
318, 47402500, 4
319, 45990100, 4
320, 49890600, 4
321, 27583500, 4
322, 26413500, 4
323, 27140300, 4
324, 26792300, 4
325, 27571600, 4
326, 27084200, 4
327, 27087200, 4
328, 27872600, 4
329, 51592700, 4
330, 54340000, 4
331, 29932400, 4
332, 34720000, 4
333, 37149700, 4
334, 44610100, 4
335, 36920100, 4
336, 31068700, 4
337, 30107600, 4
338, 60734200, 4
339, 40099000, 4
340, 29606700, 4
341, 34402800, 4
342, 35360200, 4
343, 32588100, 4
344, 29545700, 4
345, 31374900, 4
346, 29487600, 4
347, 30444600, 4
348, 31782400, 4
349, 33307800, 4
350, 52954300, 4
351, 33378300, 4
352, 55573600, 4
353, 40765400, 4
354, 35752700, 4
355, 36083100, 4
356, 33717900, 4
357, 33802200, 4
358, 36019000, 4
359, 41019200, 4
360, 41890200, 4
361, 71049200, 4
362, 37527200, 4
363, 34844800, 4
364, 52516100, 4
365, 35550600, 4
366, 45934500, 4
367, 64510000, 4
368, 38947900, 4
369, 58915200, 4
370, 39024400, 4
371, 41681900, 4
372, 64857800, 4
373, 66244500, 4
374, 40200400, 4
375, 77769200, 4
376, 37401900, 4
377, 42230300, 4
378, 40561000, 4
379, 39934900, 4
380, 41486900, 4
381, 58286400, 4
382, 51193000, 4
383, 40558500, 4
384, 48997600, 4
385, 45066000, 4
386, 74386100, 4
387, 49939200, 4
388, 50704000, 4
389, 82396600, 4
390, 52354600, 4
391, 50552600, 4
392, 48023800, 4
393, 48497600, 4
394, 53745000, 4
395, 51038800, 4
396, 55906900, 4
397, 49850900, 4
398, 84028400, 4
399, 51919500, 4
400, 51226700, 4
401, 52595700, 4
402, 54059900, 4
403, 101949100, 4
404, 109626000, 4
405, 54739200, 4
406, 69916400, 4
407, 60298000, 4
408, 94619200, 4
409, 87280300, 4
410, 88493400, 4
411, 101347700, 4
412, 105303100, 4
413, 100865600, 4
414, 64596000, 4
415, 57267400, 4
416, 60798700, 4
417, 62833900, 4
418, 62295900, 4
419, 64240700, 4
420, 66899900, 4
421, 63164600, 4
422, 101195900, 4
423, 68387500, 4
424, 81841400, 4
425, 79732100, 4
426, 108944100, 4
427, 76687800, 4
428, 69480800, 4
429, 124970900, 4
430, 122671700, 4
431, 77242200, 4
432, 77794200, 4
433, 144261200, 4
434, 138372300, 4
435, 76341400, 4
436, 87758200, 4
437, 72395100, 4
438, 131774700, 4
439, 68867600, 4
440, 122557900, 4
441, 70214400, 4
442, 70487700, 4
443, 73915500, 4
444, 71562400, 4
445, 127686000, 4
446, 137485500, 4
447, 122812400, 4
448, 79379800, 4
449, 112589300, 4
450, 86165600, 4
451, 71311600, 4
452, 77518200, 4
453, 70454300, 4
454, 116274500, 4
455, 93578400, 4
456, 76791900, 4
457, 73111600, 4
458, 101357900, 4
459, 149405800, 4
460, 108573500, 4
461, 87480300, 4
462, 141851600, 4
463, 86762700, 4
464, 106534500, 4
465, 83324700, 4
466, 90591500, 4
467, 83990400, 4
468, 89659400, 4
469, 95266800, 4
470, 89315900, 4
471, 87042200, 4
472, 81283600, 4
473, 170403400, 4
474, 109984100, 4
475, 92954900, 4
476, 128216500, 4
477, 107390300, 4
478, 147275200, 4
479, 95807600, 4
480, 148961600, 4
481, 104959100, 4
482, 135937800, 4
483, 96789100, 4
484, 154580600, 4
485, 171081500, 4
486, 216168300, 4
487, 219298100, 4
488, 200345300, 4
489, 186865700, 4
490, 171573400, 4
491, 222468400, 4
492, 212843600, 4
493, 241734000, 4
494, 229790400, 4
495, 163959500, 4
496, 163066400, 4
497, 175343500, 4
498, 151728600, 4
499, 189086500, 4
500, 139510600, 4
501, 111091400, 4
502, 110097100, 4
503, 110714100, 4
504, 113938700, 4
505, 171124300, 4
506, 165219300, 4
507, 210237100, 4
508, 113763000, 4
509, 155787700, 4
510, 128827900, 4
511, 113905800, 4
512, 192699900, 4
513, 198121600, 4
514, 228976100, 4
515, 119636000, 4
516, 194953000, 4
517, 110062700, 4
518, 121978500, 4
519, 106992100, 4
520, 123583200, 4
521, 111256100, 4
522, 123041200, 4
523, 123699400, 4
524, 237002300, 4
525, 123760400, 4
526, 144402700, 4
527, 116022600, 4
528, 112069600, 4
529, 133584600, 4
530, 118314800, 4
531, 139975200, 4
532, 121542900, 4
533, 122984700, 4
534, 121592300, 4
535, 124117500, 4
536, 246600500, 4
537, 237643100, 4
538, 137787400, 4
539, 138770200, 4
540, 142417700, 4
541, 182108500, 4
542, 126427100, 4
543, 239690700, 4
544, 171491400, 4
545, 135426900, 4
546, 160292500, 4
547, 194210400, 4
548, 149863800, 4
549, 135733600, 4
550, 153242900, 4
551, 152654400, 4
552, 148784700, 4
553, 181931200, 4
554, 154570500, 4
555, 163313600, 4
556, 157777700, 4
557, 256903400, 4
558, 155719500, 4
559, 159149100, 4
560, 163351200, 4
561, 213415000, 4
562, 230653000, 4
563, 203120000, 4
564, 195118100, 4
565, 231351200, 4
566, 171369100, 4
567, 197637200, 4
568, 254658400, 4
569, 241871500, 4
570, 246498000, 4
571, 180670900, 4
572, 319636700, 4
573, 165668600, 4
574, 222920100, 4
575, 299467400, 4
576, 221524700, 4
577, 206986900, 4
578, 178345500, 4
579, 263345700, 4
580, 326792400, 4
581, 243330500, 4
582, 198895900, 4
583, 177439100, 4
584, 263447000, 4
585, 248114900, 4
586, 293795600, 4
587, 248781200, 4
588, 318274300, 4
589, 261275900, 4
590, 192227000, 4
591, 275326700, 4
592, 206155900, 4
593, 188406000, 4
594, 212664900, 4
595, 311736600, 4
596, 218209100, 4
597, 195351600, 4
598, 201606900, 4
599, 186842500, 4
600, 298503800, 4
601, 264455200, 4
602, 201012300, 4
603, 239461200, 4
604, 366247500, 4
605, 202414700, 4
606, 209751000, 4
607, 279716400, 4
608, 315120400, 4
609, 208048900, 4
610, 349950300, 4
611, 206600500, 4
612, 288188700, 4
613, 247512700, 4
614, 225038400, 4
615, 266811400, 4
616, 245655200, 4
617, 207639200, 4
618, 315258500, 4
619, 258709800, 4
620, 280760000, 4
621, 251427400, 4
622, 293053800, 4
623, 235834300, 4
624, 218226500, 4
625, 220252600, 4
626, 308588900, 4
627, 320071000, 4
628, 208307300, 4
629, 234321500, 4
630, 258649200, 4
631, 237938500, 4
632, 270724200, 4
633, 301457100, 4
634, 277199400, 4
635, 348107300, 4
636, 250809400, 4
637, 297348700, 4
638, 399579200, 4
639, 232803900, 4
640, 341369200, 4
641, 321129500, 4
642, 446928000, 4
643, 270518000, 4
644, 307166400, 4
645, 417042100, 4
646, 321580200, 4
647, 286804400, 4
648, 262473700, 4
649, 293843800, 4
650, 397554100, 4
651, 306531800, 4
652, 349680700, 4
653, 261188700, 4
654, 342938400, 4
655, 332381900, 4
656, 266377900, 4
657, 352724700, 4
658, 266896100, 4
659, 316712700, 4
660, 438491700, 4
661, 386793500, 4
662, 403817700, 4
663, 394187300, 4
664, 399844600, 4
665, 322744900, 4
666, 309036000, 4
667, 418693100, 4
668, 394859100, 4
669, 376417000, 4
670, 310177200, 4
671, 344129700, 4
672, 360519500, 4
673, 424882400, 4
674, 381062000, 4
675, 352059800, 4
676, 367990500, 4
677, 331077100, 4
678, 303468000, 4
679, 349156200, 4
680, 328795200, 4
681, 438394800, 4
682, 294608500, 4
683, 312724000, 4
684, 303418100, 4
685, 361388400, 4
686, 305015700, 4
687, 500049600, 4
688, 308225800, 4
689, 424497700, 4
690, 315109500, 4
691, 315169100, 4
692, 382558000, 4
693, 323538100, 4
694, 418571100, 4
695, 318428500, 4
696, 429477600, 4
697, 596017000, 4
698, 338920300, 4
699, 465263100, 4
5, 1496100, 16
6, 735400, 16
7, 812700, 16
8, 942000, 16
9, 703000, 16
10, 897500, 16
11, 880300, 16
12, 915700, 16
13, 698100, 16
14, 823500, 16
15, 861400, 16
16, 844600, 16
17, 916500, 16
18, 1050200, 16
19, 855200, 16
20, 854600, 16
21, 729000, 16
22, 697500, 16
23, 967400, 16
24, 855500, 16
25, 864400, 16
26, 879900, 16
27, 867900, 16
28, 715000, 16
29, 903700, 16
30, 760500, 16
31, 841800, 16
32, 956200, 16
33, 715100, 16
34, 833600, 16
35, 878400, 16
36, 852100, 16
37, 898700, 16
38, 897600, 16
39, 993400, 16
40, 831000, 16
41, 924600, 16
42, 873200, 16
43, 894400, 16
44, 934800, 16
45, 870500, 16
46, 778200, 16
47, 870400, 16
48, 884300, 16
49, 947000, 16
50, 951100, 16
51, 894800, 16
52, 807600, 16
53, 942500, 16
54, 851700, 16
55, 919100, 16
56, 733700, 16
57, 815800, 16
58, 737200, 16
59, 842900, 16
60, 876800, 16
61, 896900, 16
62, 860300, 16
63, 916500, 16
64, 991500, 16
65, 930400, 16
66, 911200, 16
67, 1010400, 16
68, 952300, 16
69, 676900, 16
70, 980500, 16
71, 994900, 16
72, 845500, 16
73, 926900, 16
74, 1056400, 16
75, 885900, 16
76, 1028400, 16
77, 938000, 16
78, 1132200, 16
79, 913900, 16
80, 1000200, 16
81, 990600, 16
82, 1056300, 16
83, 912400, 16
84, 1140600, 16
85, 947900, 16
86, 981700, 16
87, 915400, 16
88, 904100, 16
89, 1003700, 16
90, 1148100, 16
91, 1067700, 16
92, 1080800, 16
93, 967600, 16
94, 967600, 16
95, 1129800, 16
96, 1091300, 16
97, 1184800, 16
98, 1058000, 16
99, 1280500, 16
100, 1092400, 16
101, 1146000, 16
102, 1196300, 16
103, 1252200, 16
104, 1321600, 16
105, 1072800, 16
106, 1144900, 16
107, 1126100, 16
108, 1028300, 16
109, 1203700, 16
110, 1151600, 16
111, 1099600, 16
112, 1106700, 16
113, 1204300, 16
114, 1180400, 16
115, 1230800, 16
116, 1299400, 16
117, 1195500, 16
118, 1676000, 16
119, 1158000, 16
120, 1284100, 16
121, 1201700, 16
122, 1410900, 16
123, 1251500, 16
124, 1426000, 16
125, 1261000, 16
126, 1280300, 16
127, 2274600, 16
128, 2066500, 16
129, 2204300, 16
130, 2047900, 16
131, 2283300, 16
132, 2411300, 16
133, 1786000, 16
134, 2223800, 16
135, 2424300, 16
136, 1952200, 16
137, 2385300, 16
138, 1682900, 16
139, 1642300, 16
140, 1780000, 16
141, 1752700, 16
142, 1790400, 16
143, 1766500, 16
144, 1924300, 16
145, 1896300, 16
146, 2069300, 16
147, 1857300, 16
148, 1913400, 16
149, 2501600, 16
150, 2684800, 16
151, 2381500, 16
152, 2341500, 16
153, 7129700, 16
154, 2191400, 16
155, 2205800, 16
156, 2540300, 16
157, 2328400, 16
158, 2466100, 16
159, 2917100, 16
160, 2872100, 16
161, 3538100, 16
162, 2747600, 16
163, 3004100, 16
164, 3093800, 16
165, 3943500, 16
166, 2921600, 16
167, 3862500, 16
168, 2985300, 16
169, 3803600, 16
170, 2973800, 16
171, 3735200, 16
172, 3257000, 16
173, 3140200, 16
174, 4312300, 16
175, 3249900, 16
176, 4024000, 16
177, 3535100, 16
178, 3650100, 16
179, 3536200, 16
180, 3489200, 16
181, 3529100, 16
182, 4335100, 16
183, 3946100, 16
184, 3525800, 16
185, 3589700, 16
186, 4016700, 16
187, 3873800, 16
188, 3833200, 16
189, 3893500, 16
190, 4328800, 16
191, 4022500, 16
192, 4448800, 16
193, 5041200, 16
194, 4087800, 16
195, 5239100, 16
196, 4299100, 16
197, 4665400, 16
198, 4347500, 16
199, 4636200, 16
200, 5732800, 16
201, 4683300, 16
202, 5128000, 16
203, 4498800, 16
204, 4851100, 16
205, 5697800, 16
206, 4940000, 16
207, 4950900, 16
208, 5651300, 16
209, 5207900, 16
210, 5635300, 16
211, 5218100, 16
212, 6640900, 16
213, 5434900, 16
214, 6232000, 16
215, 5793500, 16
216, 6147600, 16
217, 8063800, 16
218, 7734800, 16
219, 7508900, 16
220, 7582100, 16
221, 7021300, 16
222, 6938200, 16
223, 6606600, 16
224, 6914700, 16
225, 6243600, 16
226, 6448700, 16
227, 6817000, 16
228, 6651800, 16
229, 6722900, 16
230, 6543600, 16
231, 9049000, 16
232, 6940600, 16
233, 8007200, 16
234, 7558300, 16
235, 7189700, 16
236, 7891500, 16
237, 8356100, 16
238, 9103100, 16
239, 11129800, 16
240, 8501900, 16
241, 10581800, 16
242, 8134100, 16
243, 7884700, 16
244, 8472000, 16
245, 9212600, 16
246, 9059200, 16
247, 9040300, 16
248, 9596000, 16
249, 8296600, 16
250, 9132500, 16
251, 13003700, 16
252, 10560700, 16
253, 11228400, 16
254, 11390300, 16
255, 11324900, 16
256, 12021400, 16
257, 11286600, 16
258, 14606800, 16
259, 11305200, 16
260, 13185700, 16
261, 12662400, 16
262, 10498500, 16
263, 15632700, 16
264, 10158900, 16
265, 10994900, 16
266, 15099900, 16
267, 11392600, 16
268, 10864200, 16
269, 11665800, 16
270, 15430800, 16
271, 15259700, 16
272, 12208300, 16
273, 12731300, 16
274, 11514000, 16
275, 12340600, 16
276, 12180400, 16
277, 13495300, 16
278, 12656400, 16
279, 12421300, 16
280, 13108400, 16
281, 17526300, 16
282, 17008100, 16
283, 18432700, 16
284, 18937400, 16
285, 13454800, 16
286, 14139500, 16
287, 15299300, 16
288, 16637600, 16
289, 15192300, 16
290, 18745400, 16
291, 15312500, 16
292, 20956700, 16
293, 17108500, 16
294, 18448700, 16
295, 19810300, 16
296, 15736100, 16
297, 15783300, 16
298, 23175900, 16
299, 15367800, 16
300, 16218800, 16
301, 16570000, 16
302, 21256500, 16
303, 18956600, 16
304, 19481900, 16
305, 21206300, 16
306, 16752700, 16
307, 18002300, 16
308, 21733100, 16
309, 23675100, 16
310, 24270000, 16
311, 23352600, 16
312, 21093100, 16
313, 18387300, 16
314, 24576300, 16
315, 21914000, 16
316, 25576600, 16
317, 27405400, 16
318, 27128500, 16
319, 22791800, 16
320, 27200800, 16
321, 25725600, 16
322, 25443100, 16
323, 24326600, 16
324, 26094700, 16
325, 29036900, 16
326, 23194000, 16
327, 26142000, 16
328, 22859800, 16
329, 27452600, 16
330, 27300900, 16
331, 29020800, 16
332, 29502900, 16
333, 24719000, 16
334, 31952100, 16
335, 29463400, 16
336, 29262700, 16
337, 31612600, 16
338, 23853800, 16
339, 29932500, 16
340, 23016400, 16
341, 28085600, 16
342, 24512700, 16
343, 29042600, 16
344, 31966000, 16
345, 28733600, 16
346, 27049500, 16
347, 31608200, 16
348, 29861700, 16
349, 26201600, 16
350, 34796400, 16
351, 31670300, 16
352, 34064400, 16
353, 28610200, 16
354, 35373700, 16
355, 30104400, 16
356, 28746200, 16
357, 37283800, 16
358, 38725400, 16
359, 38068600, 16
360, 32424300, 16
361, 33161600, 16
362, 34864300, 16
363, 40510600, 16
364, 39020500, 16
365, 40369600, 16
366, 39942400, 16
367, 39551000, 16
368, 32447700, 16
369, 34321100, 16
370, 35794400, 16
371, 34818800, 16
372, 35172100, 16
373, 40481900, 16
374, 36836900, 16
375, 41994400, 16
376, 37205900, 16
377, 37552900, 16
378, 36880700, 16
379, 40966300, 16
380, 34235500, 16
381, 54566500, 16
382, 36525400, 16
383, 43399400, 16
384, 41421800, 16
385, 38221400, 16
386, 39671200, 16
387, 52035500, 16
388, 45580500, 16
389, 37393500, 16
390, 52462100, 16
391, 39154000, 16
392, 41104400, 16
393, 42957000, 16
394, 49275200, 16
395, 42048700, 16
396, 43819800, 16
397, 45791800, 16
398, 50570600, 16
399, 46106800, 16
400, 46048900, 16
401, 49563100, 16
402, 48056200, 16
403, 47448100, 16
404, 49502600, 16
405, 42436300, 16
406, 42403200, 16
407, 50042300, 16
408, 52881100, 16
409, 52974100, 16
410, 44676800, 16
411, 56627100, 16
412, 52506500, 16
413, 57970800, 16
414, 51605900, 16
415, 59073600, 16
416, 49137200, 16
417, 57696400, 16
418, 51445200, 16
419, 53413500, 16
420, 63202100, 16
421, 50253300, 16
422, 52693800, 16
423, 56894300, 16
424, 55830300, 16
425, 51795400, 16
426, 53505700, 16
427, 50801200, 16
428, 59322800, 16
429, 60298300, 16
430, 59042100, 16
431, 62510000, 16
432, 52310700, 16
433, 56326500, 16
434, 60953600, 16
435, 65991200, 16
436, 61687700, 16
437, 51811200, 16
438, 58443900, 16
439, 61424300, 16
440, 61965300, 16
441, 53038000, 16
442, 61838200, 16
443, 67090900, 16
444, 62802300, 16
445, 63976200, 16
446, 59802000, 16
447, 63532200, 16
448, 58226200, 16
449, 68286700, 16
450, 69169300, 16
451, 64950200, 16
452, 72164700, 16
453, 72278100, 16
454, 65665600, 16
455, 72810400, 16
456, 69374400, 16
457, 65085500, 16
458, 55249400, 16
459, 72706400, 16
460, 56703900, 16
461, 74144800, 16
462, 68730500, 16
463, 72273200, 16
464, 66783200, 16
465, 74624200, 16
466, 63313200, 16
467, 69505300, 16
468, 80327800, 16
469, 74210800, 16
470, 77027400, 16
471, 80305300, 16
472, 74921900, 16
473, 78206300, 16
474, 75277100, 16
475, 73869900, 16
476, 79878100, 16
477, 81521000, 16
478, 75148800, 16
479, 77593700, 16
480, 76441800, 16
481, 81597800, 16
482, 90338000, 16
483, 84249500, 16
484, 89720800, 16
485, 80336000, 16
486, 86419900, 16
487, 70329300, 16
488, 85936300, 16
489, 94132000, 16
490, 86910800, 16
491, 94634100, 16
492, 92103600, 16
493, 89328300, 16
494, 92211400, 16
495, 93956100, 16
496, 87530100, 16
497, 89370600, 16
498, 91538500, 16
499, 97040800, 16
500, 78303300, 16
501, 94498100, 16
502, 95063000, 16
503, 94966900, 16
504, 99562700, 16
505, 94865200, 16
506, 88336900, 16
507, 102252900, 16
508, 98554000, 16
509, 96052700, 16
510, 101270000, 16
511, 97464000, 16
512, 113659700, 16
513, 100814300, 16
514, 84941200, 16
515, 95955600, 16
516, 109484800, 16
517, 87141200, 16
518, 101542000, 16
519, 104354000, 16
520, 106036100, 16
521, 104539400, 16
522, 95240500, 16
523, 111094900, 16
524, 101310400, 16
525, 95625800, 16
526, 102008200, 16
527, 105555100, 16
528, 100260400, 16
529, 114555600, 16
530, 112897900, 16
531, 111143700, 16
532, 108628000, 16
533, 108741000, 16
534, 114104000, 16
535, 116808500, 16
536, 105775800, 16
537, 119498500, 16
538, 121753200, 16
539, 116198000, 16
540, 119166400, 16
541, 120183200, 16
542, 122940200, 16
543, 112931600, 16
544, 106590400, 16
545, 111261600, 16
546, 120162300, 16
547, 104272700, 16
548, 101864800, 16
549, 118479200, 16
550, 121435800, 16
551, 130773000, 16
552, 122914300, 16
553, 127855100, 16
554, 127215200, 16
555, 121153900, 16
556, 131013900, 16
557, 122026100, 16
558, 133118600, 16
559, 125501900, 16
560, 128889000, 16
561, 140742000, 16
562, 133537900, 16
563, 136757800, 16
564, 138094800, 16
565, 164171900, 16
566, 139074900, 16
567, 134645100, 16
568, 138938000, 16
569, 142129800, 16
570, 133523200, 16
571, 128889700, 16
572, 137454100, 16
573, 138716200, 16
574, 143495400, 16
575, 137761400, 16
576, 146946000, 16
577, 145085700, 16
578, 143641900, 16
579, 148681700, 16
580, 164754200, 16
581, 158769500, 16
582, 148821300, 16
583, 147552000, 16
584, 143271300, 16
585, 160586100, 16
586, 135285100, 16
587, 149090400, 16
588, 150242600, 16
589, 151530400, 16
590, 137317500, 16
591, 145716800, 16
592, 156199200, 16
593, 160000400, 16
594, 157869200, 16
595, 155054400, 16
596, 149038500, 16
597, 160224100, 16
598, 145637400, 16
599, 156544000, 16
600, 162322100, 16
601, 152419300, 16
602, 164169700, 16
603, 147287400, 16
604, 163729600, 16
605, 161280600, 16
606, 163103700, 16
607, 180600800, 16
608, 163390600, 16
609, 171864800, 16
610, 161925900, 16
611, 170938300, 16
612, 144561200, 16
613, 171026900, 16
614, 166560300, 16
615, 172890800, 16
616, 183755100, 16
617, 171390500, 16
618, 169422500, 16
619, 175300700, 16
620, 163742500, 16
621, 178858600, 16
622, 170857300, 16
623, 179451500, 16
624, 176048300, 16
625, 180359100, 16
626, 185707800, 16
627, 166794800, 16
628, 186986200, 16
629, 184937700, 16
630, 201193900, 16
631, 182948000, 16
632, 166304400, 16
633, 182791300, 16
634, 186020900, 16
635, 197224500, 16
636, 191284600, 16
637, 194716500, 16
638, 196806200, 16
639, 185810500, 16
640, 215354900, 16
641, 174216000, 16
642, 208300600, 16
643, 199734500, 16
644, 198567800, 16
645, 208443600, 16
646, 215586400, 16
647, 227587000, 16
648, 200251700, 16
649, 190830600, 16
650, 220965800, 16
651, 202499400, 16
652, 185304100, 16
653, 221323300, 16
654, 216630400, 16
655, 222774000, 16
656, 220213200, 16
657, 210001300, 16
658, 200000300, 16
659, 218740100, 16
660, 205824600, 16
661, 213212400, 16
662, 204168000, 16
663, 216090200, 16
664, 212606200, 16
665, 223544000, 16
666, 245651600, 16
667, 200915100, 16
668, 194988000, 16
669, 225275600, 16
670, 216415200, 16
671, 193144900, 16
672, 208361600, 16
673, 224851700, 16
674, 227115900, 16
675, 215661000, 16
676, 222829200, 16
677, 233660500, 16
678, 202261000, 16
679, 223403200, 16
680, 221536500, 16
681, 229076600, 16
682, 235405200, 16
683, 231047800, 16
684, 239333900, 16
685, 243360000, 16
686, 242025300, 16
687, 243731300, 16
688, 247472200, 16
689, 237124600, 16
690, 243530700, 16
691, 204208100, 16
692, 248439800, 16
693, 232801300, 16
694, 256690400, 16
695, 254191800, 16
696, 219471400, 16
697, 254936200, 16
698, 252676600, 16
699, 255339600, 16
5, 3315800, 64
6, 2374100, 64
7, 2319500, 64
8, 2507800, 64
9, 2367000, 64
10, 2469200, 64
11, 2444900, 64
12, 2442300, 64
13, 2420100, 64
14, 2395200, 64
15, 2486500, 64
16, 2590300, 64
17, 2404200, 64
18, 2514000, 64
19, 2380100, 64
20, 2502600, 64
21, 2365200, 64
22, 2565000, 64
23, 2469500, 64
24, 2526400, 64
25, 2535200, 64
26, 2472100, 64
27, 2535400, 64
28, 2525300, 64
29, 2400700, 64
30, 2570900, 64
31, 2424800, 64
32, 2422100, 64
33, 2418100, 64
34, 2456400, 64
35, 2566300, 64
36, 2558300, 64
37, 2528600, 64
38, 3376500, 64
39, 2519300, 64
40, 2417200, 64
41, 2396300, 64
42, 2353400, 64
43, 2385900, 64
44, 2253600, 64
45, 2417600, 64
46, 2470600, 64
47, 2378200, 64
48, 2447800, 64
49, 2538400, 64
50, 2245200, 64
51, 2477500, 64
52, 2519700, 64
53, 2447800, 64
54, 2452000, 64
55, 2479900, 64
56, 2498500, 64
57, 2433600, 64
58, 2365100, 64
59, 2407500, 64
60, 2520800, 64
61, 2336100, 64
62, 2438700, 64
63, 2414300, 64
64, 2496100, 64
65, 2666100, 64
66, 2440300, 64
67, 2373800, 64
68, 2479400, 64
69, 2453500, 64
70, 2309000, 64
71, 2426400, 64
72, 2501500, 64
73, 2350800, 64
74, 2549300, 64
75, 2421800, 64
76, 2475900, 64
77, 2423800, 64
78, 2493400, 64
79, 2413600, 64
80, 2589900, 64
81, 2378000, 64
82, 2507700, 64
83, 2533300, 64
84, 2446800, 64
85, 2506000, 64
86, 2440800, 64
87, 2381200, 64
88, 2496900, 64
89, 2509800, 64
90, 2268400, 64
91, 2457000, 64
92, 2279600, 64
93, 2484600, 64
94, 2573400, 64
95, 2481600, 64
96, 2350300, 64
97, 2528200, 64
98, 2402500, 64
99, 2414100, 64
100, 2479800, 64
101, 2491400, 64
102, 2356400, 64
103, 2502100, 64
104, 2661900, 64
105, 2483600, 64
106, 2520200, 64
107, 2427600, 64
108, 2643800, 64
109, 2435000, 64
110, 2356700, 64
111, 2403900, 64
112, 2368100, 64
113, 2354700, 64
114, 2406400, 64
115, 2286500, 64
116, 2486300, 64
117, 2258900, 64
118, 2341700, 64
119, 2305200, 64
120, 2677500, 64
121, 2312500, 64
122, 2473300, 64
123, 2445800, 64
124, 2652600, 64
125, 2441300, 64
126, 2460700, 64
127, 2373200, 64
128, 2469300, 64
129, 2336700, 64
130, 2661800, 64
131, 2415800, 64
132, 2425300, 64
133, 2252200, 64
134, 2421300, 64
135, 2381900, 64
136, 2474700, 64
137, 2531600, 64
138, 2475800, 64
139, 2768900, 64
140, 2660300, 64
141, 2403500, 64
142, 2462700, 64
143, 2571200, 64
144, 2884600, 64
145, 2545700, 64
146, 2729700, 64
147, 2735900, 64
148, 2695900, 64
149, 2639000, 64
150, 2667700, 64
151, 2619400, 64
152, 2949000, 64
153, 2825600, 64
154, 2691400, 64
155, 3080200, 64
156, 2927800, 64
157, 2659800, 64
158, 2792200, 64
159, 2725000, 64
160, 3620400, 64
161, 4291500, 64
162, 3813700, 64
163, 3181200, 64
164, 3268300, 64
165, 2915900, 64
166, 2966900, 64
167, 4709900, 64
168, 3391300, 64
169, 3485300, 64
170, 4261800, 64
171, 3437400, 64
172, 3606000, 64
173, 4274800, 64
174, 3624500, 64
175, 3982100, 64
176, 3810500, 64
177, 3943500, 64
178, 3774500, 64
179, 3690900, 64
180, 4657100, 64
181, 4860300, 64
182, 4456500, 64
183, 3759900, 64
184, 4474100, 64
185, 5278600, 64
186, 3934100, 64
187, 5109700, 64
188, 5229200, 64
189, 5146400, 64
190, 5090900, 64
191, 5811400, 64
192, 5748400, 64
193, 5086100, 64
194, 5759500, 64
195, 4796900, 64
196, 4460100, 64
197, 5087500, 64
198, 6010900, 64
199, 5062900, 64
200, 5526100, 64
201, 7005800, 64
202, 5988200, 64
203, 5920600, 64
204, 5960900, 64
205, 5783000, 64
206, 5986900, 64
207, 5884800, 64
208, 6695400, 64
209, 6824100, 64
210, 5677300, 64
211, 6732300, 64
212, 6757600, 64
213, 5679400, 64
214, 7010500, 64
215, 6241300, 64
216, 6241900, 64
217, 6485500, 64
218, 6921000, 64
219, 6847600, 64
220, 6759000, 64
221, 7356300, 64
222, 7765200, 64
223, 9190600, 64
224, 6874500, 64
225, 7287800, 64
226, 7003400, 64
227, 6887700, 64
228, 7034800, 64
229, 8764400, 64
230, 8237400, 64
231, 7813900, 64
232, 7844600, 64
233, 7952100, 64
234, 8228900, 64
235, 10078200, 64
236, 8649900, 64
237, 8281000, 64
238, 8662300, 64
239, 8975200, 64
240, 9603800, 64
241, 9741900, 64
242, 8875600, 64
243, 10270900, 64
244, 7712700, 64
245, 9804700, 64
246, 9924400, 64
247, 11104900, 64
248, 10544700, 64
249, 8797700, 64
250, 10149400, 64
251, 9931500, 64
252, 9053700, 64
253, 9124300, 64
254, 9217600, 64
255, 9180100, 64
256, 11331100, 64
257, 9404300, 64
258, 9793900, 64
259, 10388200, 64
260, 9635300, 64
261, 11067500, 64
262, 10382900, 64
263, 10327500, 64
264, 10549100, 64
265, 10711700, 64
266, 10056200, 64
267, 12527300, 64
268, 10704000, 64
269, 10336500, 64
270, 11376600, 64
271, 12006800, 64
272, 11653200, 64
273, 13059500, 64
274, 12214200, 64
275, 11211500, 64
276, 12208500, 64
277, 12921700, 64
278, 13003100, 64
279, 12388700, 64
280, 12599900, 64
281, 14016600, 64
282, 12936500, 64
283, 12531100, 64
284, 12746500, 64
285, 13440600, 64
286, 13120600, 64
287, 14106800, 64
288, 14723100, 64
289, 13319200, 64
290, 14006500, 64
291, 14951100, 64
292, 13628900, 64
293, 13545400, 64
294, 14981200, 64
295, 13850800, 64
296, 13798300, 64
297, 16461600, 64
298, 15515900, 64
299, 15695200, 64
300, 15711700, 64
301, 14677300, 64
302, 15277200, 64
303, 14501500, 64
304, 15824700, 64
305, 16321400, 64
306, 17728700, 64
307, 16945800, 64
308, 17526900, 64
309, 18549900, 64
310, 20694200, 64
311, 19157000, 64
312, 21314400, 64
313, 17500200, 64
314, 17910600, 64
315, 19490300, 64
316, 24596500, 64
317, 24634300, 64
318, 24998900, 64
319, 21841600, 64
320, 19386500, 64
321, 24584600, 64
322, 25614900, 64
323, 24865100, 64
324, 25326600, 64
325, 26217000, 64
326, 25950800, 64
327, 25772600, 64
328, 28407500, 64
329, 23932600, 64
330, 21531100, 64
331, 25006400, 64
332, 24315100, 64
333, 23334100, 64
334, 23048100, 64
335, 22400200, 64
336, 24559500, 64
337, 26859100, 64
338, 24317500, 64
339, 25333800, 64
340, 24147500, 64
341, 25827900, 64
342, 26033000, 64
343, 24029900, 64
344, 27522400, 64
345, 24569600, 64
346, 25123700, 64
347, 24397600, 64
348, 25796100, 64
349, 30495400, 64
350, 28938000, 64
351, 29631400, 64
352, 27615000, 64
353, 28519200, 64
354, 26679100, 64
355, 32060000, 64
356, 34918200, 64
357, 29292200, 64
358, 28082900, 64
359, 30886200, 64
360, 32005900, 64
361, 35962500, 64
362, 33528600, 64
363, 37762600, 64
364, 43631100, 64
365, 38156800, 64
366, 34072100, 64
367, 33959700, 64
368, 36496200, 64
369, 39877200, 64
370, 50030700, 64
371, 47201500, 64
372, 49794400, 64
373, 40854300, 64
374, 46125900, 64
375, 35563500, 64
376, 34177100, 64
377, 36627400, 64
378, 36844000, 64
379, 36468000, 64
380, 38749700, 64
381, 46564500, 64
382, 37675500, 64
383, 37233600, 64
384, 41124000, 64
385, 39486800, 64
386, 38127000, 64
387, 48536000, 64
388, 40231300, 64
389, 43052500, 64
390, 44432800, 64
391, 43523200, 64
392, 44393700, 64
393, 44257000, 64
394, 43017000, 64
395, 41464600, 64
396, 60956400, 64
397, 42149600, 64
398, 42624900, 64
399, 41073100, 64
400, 40269400, 64
401, 41954300, 64
402, 41777700, 64
403, 44923400, 64
404, 45852700, 64
405, 45048100, 64
406, 45279900, 64
407, 44177800, 64
408, 43287300, 64
409, 45255300, 64
410, 44028600, 64
411, 51169300, 64
412, 49623700, 64
413, 55593500, 64
414, 48598700, 64
415, 45958300, 64
416, 53553200, 64
417, 48283300, 64
418, 49657900, 64
419, 48934700, 64
420, 56963500, 64
421, 48037100, 64
422, 50451300, 64
423, 47803700, 64
424, 48676900, 64
425, 53581400, 64
426, 48762700, 64
427, 50736000, 64
428, 50890400, 64
429, 53182900, 64
430, 52899500, 64
431, 54243700, 64
432, 49797900, 64
433, 52073300, 64
434, 54293700, 64
435, 56249400, 64
436, 57589400, 64
437, 59067400, 64
438, 53773700, 64
439, 56592000, 64
440, 55217500, 64
441, 57071100, 64
442, 53581600, 64
443, 58156000, 64
444, 55830200, 64
445, 57678000, 64
446, 61706100, 64
447, 57115600, 64
448, 58485000, 64
449, 59303100, 64
450, 57418800, 64
451, 61062600, 64
452, 60737800, 64
453, 61128900, 64
454, 60364000, 64
455, 63131200, 64
456, 59337300, 64
457, 59091900, 64
458, 59256500, 64
459, 65530500, 64
460, 59844700, 64
461, 58721700, 64
462, 63396600, 64
463, 62743400, 64
464, 59029800, 64
465, 66895500, 64
466, 60753600, 64
467, 63283800, 64
468, 68685500, 64
469, 64346700, 64
470, 62035900, 64
471, 64299100, 64
472, 66070200, 64
473, 67336900, 64
474, 61740700, 64
475, 65058000, 64
476, 62001800, 64
477, 66081800, 64
478, 65601600, 64
479, 66760500, 64
480, 69271000, 64
481, 70776100, 64
482, 75070300, 64
483, 68006000, 64
484, 70966200, 64
485, 76767400, 64
486, 69501300, 64
487, 71045300, 64
488, 71531700, 64
489, 79957500, 64
490, 72408200, 64
491, 69935000, 64
492, 72693900, 64
493, 73232200, 64
494, 71187000, 64
495, 75665300, 64
496, 72528500, 64
497, 77857800, 64
498, 74820800, 64
499, 76444800, 64
500, 75612300, 64
501, 77553500, 64
502, 75831900, 64
503, 78385200, 64
504, 79804600, 64
505, 78107600, 64
506, 78970800, 64
507, 78444900, 64
508, 82811900, 64
509, 81685200, 64
510, 82703800, 64
511, 80099400, 64
512, 106697100, 64
513, 81458200, 64
514, 82097800, 64
515, 81745000, 64
516, 92142300, 64
517, 85770400, 64
518, 83745200, 64
519, 86765700, 64
520, 98147700, 64
521, 84948600, 64
522, 82405000, 64
523, 92916200, 64
524, 84664300, 64
525, 92279100, 64
526, 84079300, 64
527, 86584600, 64
528, 88339300, 64
529, 97826700, 64
530, 87125400, 64
531, 91310200, 64
532, 86043400, 64
533, 97476900, 64
534, 92660600, 64
535, 93310000, 64
536, 96283500, 64
537, 91107200, 64
538, 99646500, 64
539, 92598600, 64
540, 97264500, 64
541, 94843300, 64
542, 97476600, 64
543, 89899700, 64
544, 99098100, 64
545, 99902800, 64
546, 114968500, 64
547, 100729300, 64
548, 97092700, 64
549, 106417100, 64
550, 94160200, 64
551, 103443700, 64
552, 96048700, 64
553, 107198900, 64
554, 105527200, 64
555, 104821300, 64
556, 106580500, 64
557, 106151800, 64
558, 106375800, 64
559, 106057100, 64
560, 109776600, 64
561, 113387600, 64
562, 104666500, 64
563, 113493200, 64
564, 114315000, 64
565, 143117600, 64
566, 109118600, 64
567, 107866600, 64
568, 107810300, 64
569, 118201800, 64
570, 121700700, 64
571, 115624400, 64
572, 118577700, 64
573, 118380600, 64
574, 119645700, 64
575, 126070800, 64
576, 127170200, 64
577, 121112600, 64
578, 121082700, 64
579, 123610200, 64
580, 132407800, 64
581, 140148700, 64
582, 123838500, 64
583, 126808100, 64
584, 141792400, 64
585, 172880600, 64
586, 145034600, 64
587, 131832800, 64
588, 133160000, 64
589, 131118800, 64
590, 150648900, 64
591, 136807800, 64
592, 139518600, 64
593, 127230100, 64
594, 144387700, 64
595, 132873000, 64
596, 145889100, 64
597, 138212300, 64
598, 142061300, 64
599, 144379200, 64
600, 138549600, 64
601, 144406700, 64
602, 149193500, 64
603, 134613700, 64
604, 139241800, 64
605, 172259500, 64
606, 136726000, 64
607, 162780900, 64
608, 144377200, 64
609, 154676600, 64
610, 144936300, 64
611, 142172200, 64
612, 138716400, 64
613, 142751800, 64
614, 137607700, 64
615, 140791500, 64
616, 180631700, 64
617, 210618700, 64
618, 193346500, 64
619, 191497200, 64
620, 150592400, 64
621, 159216900, 64
622, 146544900, 64
623, 161673000, 64
624, 157257400, 64
625, 154769700, 64
626, 170104800, 64
627, 163863400, 64
628, 151946100, 64
629, 149012100, 64
630, 178090300, 64
631, 146404000, 64
632, 150415100, 64
633, 152867800, 64
634, 158609800, 64
635, 178738600, 64
636, 196850300, 64
637, 173381400, 64
638, 180031700, 64
639, 162673000, 64
640, 234097200, 64
641, 158730800, 64
642, 167945900, 64
643, 165143700, 64
644, 174367800, 64
645, 192622300, 64
646, 181475200, 64
647, 183083500, 64
648, 184699800, 64
649, 192367000, 64
650, 183759300, 64
651, 185606000, 64
652, 189779000, 64
653, 186323400, 64
654, 172204000, 64
655, 177260400, 64
656, 179234900, 64
657, 179129800, 64
658, 193609600, 64
659, 212827800, 64
660, 184315200, 64
661, 203504600, 64
662, 197724300, 64
663, 195848200, 64
664, 201772200, 64
665, 198670100, 64
666, 206171000, 64
667, 197079600, 64
668, 186324100, 64
669, 190009900, 64
670, 192204500, 64
671, 186121800, 64
672, 192057700, 64
673, 204229600, 64
674, 276145000, 64
675, 199603500, 64
676, 201343600, 64
677, 227217400, 64
678, 222790200, 64
679, 204656800, 64
680, 205727000, 64
681, 209017900, 64
682, 216981700, 64
683, 226596400, 64
684, 209992400, 64
685, 213759300, 64
686, 212348000, 64
687, 204999300, 64
688, 213974000, 64
689, 215156300, 64
690, 217891000, 64
691, 217093400, 64
692, 208626400, 64
693, 219851200, 64
694, 220605700, 64
695, 219509100, 64
696, 222483900, 64
697, 231950100, 64
698, 225076700, 64
699, 213808800, 64
5, 8790600, 256
6, 8695200, 256
7, 8958000, 256
8, 8710200, 256
9, 8451000, 256
10, 8475200, 256
11, 8584900, 256
12, 8760100, 256
13, 8903700, 256
14, 8540300, 256
15, 8553900, 256
16, 8863200, 256
17, 8436700, 256
18, 8690300, 256
19, 8605700, 256
20, 8808100, 256
21, 9205000, 256
22, 8565600, 256
23, 8804600, 256
24, 8747900, 256
25, 8329300, 256
26, 8456700, 256
27, 8580200, 256
28, 8512000, 256
29, 8647600, 256
30, 8456300, 256
31, 8421300, 256
32, 8315400, 256
33, 8975900, 256
34, 8647600, 256
35, 8646900, 256
36, 9972200, 256
37, 8507100, 256
38, 8636200, 256
39, 8335100, 256
40, 8478400, 256
41, 8531900, 256
42, 8729100, 256
43, 8922200, 256
44, 8431300, 256
45, 9104000, 256
46, 8876000, 256
47, 8338900, 256
48, 8493600, 256
49, 8712300, 256
50, 8577600, 256
51, 8638800, 256
52, 8714100, 256
53, 8537500, 256
54, 8664100, 256
55, 8716800, 256
56, 8680400, 256
57, 8439700, 256
58, 8550500, 256
59, 8651500, 256
60, 8209400, 256
61, 8908700, 256
62, 8372800, 256
63, 8459200, 256
64, 8465900, 256
65, 8785000, 256
66, 8344500, 256
67, 8609800, 256
68, 8527700, 256
69, 8370400, 256
70, 9398600, 256
71, 8530500, 256
72, 8286900, 256
73, 8963600, 256
74, 8771500, 256
75, 8442400, 256
76, 8731300, 256
77, 8437000, 256
78, 8784700, 256
79, 8429000, 256
80, 8392800, 256
81, 8382000, 256
82, 8966000, 256
83, 8464700, 256
84, 8788400, 256
85, 8400400, 256
86, 8781000, 256
87, 8499300, 256
88, 8456300, 256
89, 8553000, 256
90, 8841500, 256
91, 8895600, 256
92, 8398800, 256
93, 8442200, 256
94, 8732800, 256
95, 9728700, 256
96, 8241500, 256
97, 8483400, 256
98, 8577100, 256
99, 8320400, 256
100, 9352700, 256
101, 8556500, 256
102, 10336600, 256
103, 8199100, 256
104, 8447700, 256
105, 8822200, 256
106, 8578700, 256
107, 8610700, 256
108, 8528300, 256
109, 8436200, 256
110, 8922500, 256
111, 8384600, 256
112, 8769500, 256
113, 9041800, 256
114, 8394300, 256
115, 8741900, 256
116, 8507700, 256
117, 8610500, 256
118, 8971000, 256
119, 9387300, 256
120, 10888300, 256
121, 9504400, 256
122, 8542000, 256
123, 8859500, 256
124, 9197600, 256
125, 9612100, 256
126, 11944000, 256
127, 8772900, 256
128, 8700100, 256
129, 8872200, 256
130, 9852100, 256
131, 9487900, 256
132, 8681100, 256
133, 8845600, 256
134, 11437600, 256
135, 9863500, 256
136, 9534600, 256
137, 9464400, 256
138, 8647800, 256
139, 13533100, 256
140, 9311000, 256
141, 8663600, 256
142, 8933600, 256
143, 12056900, 256
144, 9309000, 256
145, 13162600, 256
146, 10144300, 256
147, 8645700, 256
148, 8513100, 256
149, 8890800, 256
150, 8862000, 256
151, 10963500, 256
152, 8705600, 256
153, 10836000, 256
154, 8809100, 256
155, 8631900, 256
156, 8591100, 256
157, 10684500, 256
158, 12505900, 256
159, 10025300, 256
160, 8910700, 256
161, 14375000, 256
162, 13230500, 256
163, 12344900, 256
164, 10518500, 256
165, 10206800, 256
166, 12611700, 256
167, 9781300, 256
168, 9249500, 256
169, 10700600, 256
170, 13980800, 256
171, 12608800, 256
172, 10533100, 256
173, 12156500, 256
174, 9941800, 256
175, 13666200, 256
176, 14546800, 256
177, 9646700, 256
178, 12196100, 256
179, 9706200, 256
180, 13808600, 256
181, 11336400, 256
182, 9684300, 256
183, 12477000, 256
184, 14103200, 256
185, 14352200, 256
186, 10059400, 256
187, 10116100, 256
188, 9866800, 256
189, 10756300, 256
190, 13823500, 256
191, 13988900, 256
192, 11124000, 256
193, 14735800, 256
194, 11729100, 256
195, 13866900, 256
196, 10380800, 256
197, 10838100, 256
198, 15565500, 256
199, 11827600, 256
200, 12117100, 256
201, 11943000, 256
202, 10895400, 256
203, 15341500, 256
204, 13408000, 256
205, 15183900, 256
206, 12031500, 256
207, 14389600, 256
208, 12146500, 256
209, 11006600, 256
210, 11369600, 256
211, 11063400, 256
212, 10600200, 256
213, 11345800, 256
214, 12045400, 256
215, 14657200, 256
216, 15332700, 256
217, 14999600, 256
218, 10897100, 256
219, 12696900, 256
220, 13066600, 256
221, 11595400, 256
222, 12420100, 256
223, 13427600, 256
224, 11506200, 256
225, 13328300, 256
226, 14014800, 256
227, 14608600, 256
228, 13459300, 256
229, 13131600, 256
230, 11806500, 256
231, 12191600, 256
232, 11693600, 256
233, 9665700, 256
234, 11561600, 256
235, 13720000, 256
236, 10955500, 256
237, 10353600, 256
238, 11767000, 256
239, 12351600, 256
240, 12164000, 256
241, 10322500, 256
242, 9581200, 256
243, 10590800, 256
244, 10092400, 256
245, 10944200, 256
246, 10851300, 256
247, 12055200, 256
248, 13470600, 256
249, 10886100, 256
250, 11296000, 256
251, 10396600, 256
252, 11960600, 256
253, 10584500, 256
254, 11791400, 256
255, 11456100, 256
256, 13995500, 256
257, 12943500, 256
258, 15838400, 256
259, 11713200, 256
260, 12530500, 256
261, 11656200, 256
262, 13162000, 256
263, 12087000, 256
264, 13534400, 256
265, 13751000, 256
266, 13349900, 256
267, 13108900, 256
268, 12660200, 256
269, 12230500, 256
270, 12726400, 256
271, 12957500, 256
272, 12900800, 256
273, 14421800, 256
274, 13249300, 256
275, 13233500, 256
276, 13949800, 256
277, 13503900, 256
278, 15063100, 256
279, 14595200, 256
280, 15358200, 256
281, 14998900, 256
282, 15382000, 256
283, 14912600, 256
284, 13997500, 256
285, 19570300, 256
286, 16396300, 256
287, 15727300, 256
288, 17434600, 256
289, 16565900, 256
290, 18385300, 256
291, 17813800, 256
292, 15911500, 256
293, 17876100, 256
294, 17986200, 256
295, 18584400, 256
296, 17257100, 256
297, 18351700, 256
298, 20311900, 256
299, 19549100, 256
300, 22946100, 256
301, 20409600, 256
302, 22143200, 256
303, 20761000, 256
304, 21180400, 256
305, 20218600, 256
306, 21993300, 256
307, 20642700, 256
308, 19204400, 256
309, 26566700, 256
310, 22015900, 256
311, 23536300, 256
312, 22268100, 256
313, 21746900, 256
314, 22001100, 256
315, 24958300, 256
316, 21305100, 256
317, 22677800, 256
318, 22193300, 256
319, 22015300, 256
320, 22114000, 256
321, 21131100, 256
322, 22541500, 256
323, 23285900, 256
324, 24116500, 256
325, 22812700, 256
326, 23820800, 256
327, 22920500, 256
328, 23180200, 256
329, 23290200, 256
330, 26604100, 256
331, 32019800, 256
332, 27945400, 256
333, 26736700, 256
334, 24313900, 256
335, 25855900, 256
336, 23003400, 256
337, 23602200, 256
338, 25477900, 256
339, 25077600, 256
340, 25189500, 256
341, 26849000, 256
342, 26447500, 256
343, 27132500, 256
344, 26881400, 256
345, 29384700, 256
346, 25815700, 256
347, 26087200, 256
348, 25813200, 256
349, 28258600, 256
350, 26908700, 256
351, 27285400, 256
352, 29926100, 256
353, 35787700, 256
354, 29577300, 256
355, 28114400, 256
356, 33183100, 256
357, 34633800, 256
358, 33599200, 256
359, 33599800, 256
360, 32525800, 256
361, 35761100, 256
362, 31009100, 256
363, 30931100, 256
364, 33166900, 256
365, 31227400, 256
366, 31104500, 256
367, 33712300, 256
368, 34123800, 256
369, 33882000, 256
370, 32110900, 256
371, 34942300, 256
372, 35052900, 256
373, 33679800, 256
374, 36784600, 256
375, 35744500, 256
376, 34799600, 256
377, 34972500, 256
378, 36659700, 256
379, 35794900, 256
380, 36576500, 256
381, 45589000, 256
382, 35874000, 256
383, 40138200, 256
384, 41371900, 256
385, 36663700, 256
386, 38125300, 256
387, 39382300, 256
388, 37425300, 256
389, 39655200, 256
390, 43670400, 256
391, 39796700, 256
392, 39116900, 256
393, 41869400, 256
394, 38822300, 256
395, 42072100, 256
396, 41383700, 256
397, 41523700, 256
398, 42489300, 256
399, 40899000, 256
400, 42422400, 256
401, 42874200, 256
402, 43109400, 256
403, 43845300, 256
404, 41748500, 256
405, 44690600, 256
406, 47130700, 256
407, 44555000, 256
408, 41929400, 256
409, 47999300, 256
410, 45665700, 256
411, 45618100, 256
412, 45933600, 256
413, 46633100, 256
414, 51306000, 256
415, 46156900, 256
416, 48104200, 256
417, 47455000, 256
418, 47210500, 256
419, 48435600, 256
420, 52080500, 256
421, 48365400, 256
422, 49569800, 256
423, 49887800, 256
424, 44954700, 256
425, 49966200, 256
426, 48774800, 256
427, 45418500, 256
428, 50467800, 256
429, 48188300, 256
430, 53373700, 256
431, 55885100, 256
432, 47860600, 256
433, 54134400, 256
434, 49296500, 256
435, 54874000, 256
436, 53767800, 256
437, 56328000, 256
438, 53502600, 256
439, 52064900, 256
440, 51093400, 256
441, 54361800, 256
442, 52648400, 256
443, 58177000, 256
444, 56016500, 256
445, 58760800, 256
446, 53970300, 256
447, 57738200, 256
448, 52530200, 256
449, 60650300, 256
450, 58194600, 256
451, 65821000, 256
452, 62025800, 256
453, 56072900, 256
454, 62425700, 256
455, 64284700, 256
456, 60519800, 256
457, 61476300, 256
458, 60774100, 256
459, 57700200, 256
460, 62915400, 256
461, 66021800, 256
462, 63857400, 256
463, 64674400, 256
464, 62911600, 256
465, 65987500, 256
466, 65693600, 256
467, 65069200, 256
468, 73911300, 256
469, 66316500, 256
470, 67438900, 256
471, 66651300, 256
472, 66971000, 256
473, 70163500, 256
474, 63263100, 256
475, 70407900, 256
476, 69326300, 256
477, 69904500, 256
478, 71169300, 256
479, 68240500, 256
480, 68267500, 256
481, 71063900, 256
482, 82069700, 256
483, 71392000, 256
484, 73437900, 256
485, 72463200, 256
486, 72791100, 256
487, 66495400, 256
488, 75753400, 256
489, 79760700, 256
490, 74189300, 256
491, 67902600, 256
492, 77528500, 256
493, 68967600, 256
494, 77262700, 256
495, 71468100, 256
496, 75885500, 256
497, 77107900, 256
498, 73322100, 256
499, 76242200, 256
500, 79582200, 256
501, 73242100, 256
502, 80718700, 256
503, 80191300, 256
504, 83186700, 256
505, 81792500, 256
506, 80330900, 256
507, 84687200, 256
508, 86508400, 256
509, 82496800, 256
510, 81286300, 256
511, 99423500, 256
512, 156964000, 256
513, 122087600, 256
514, 84045200, 256
515, 85872700, 256
516, 96896000, 256
517, 85133900, 256
518, 89249700, 256
519, 87763200, 256
520, 96573800, 256
521, 88501200, 256
522, 89702400, 256
523, 92233000, 256
524, 92954900, 256
525, 92126800, 256
526, 91014600, 256
527, 89838400, 256
528, 93884700, 256
529, 95516600, 256
530, 93063000, 256
531, 94924700, 256
532, 94911300, 256
533, 95093200, 256
534, 98381200, 256
535, 98406800, 256
536, 94855700, 256
537, 97075500, 256
538, 98798000, 256
539, 100231100, 256
540, 100198600, 256
541, 100758100, 256
542, 100367100, 256
543, 100869300, 256
544, 100797700, 256
545, 105139400, 256
546, 111677000, 256
547, 102443700, 256
548, 158603700, 256
549, 105494500, 256
550, 114162100, 256
551, 110923500, 256
552, 143265400, 256
553, 117752200, 256
554, 145552100, 256
555, 120059200, 256
556, 122930900, 256
557, 107992900, 256
558, 113130800, 256
559, 114855700, 256
560, 114492900, 256
561, 119432600, 256
562, 115133800, 256
563, 113855800, 256
564, 112787400, 256
565, 139887600, 256
566, 115179400, 256
567, 112996500, 256
568, 117648600, 256
569, 125511200, 256
570, 120111800, 256
571, 136460300, 256
572, 142574600, 256
573, 145988300, 256
574, 138158200, 256
575, 135005200, 256
576, 140653900, 256
577, 132460200, 256
578, 169053700, 256
579, 131754700, 256
580, 177792300, 256
581, 132032200, 256
582, 125088900, 256
583, 135284800, 256
584, 125899900, 256
585, 147516900, 256
586, 124545500, 256
587, 127701800, 256
588, 125803100, 256
589, 126844100, 256
590, 127747800, 256
591, 123486300, 256
592, 128277100, 256
593, 126309500, 256
594, 131034600, 256
595, 126742200, 256
596, 126612000, 256
597, 133694500, 256
598, 129900300, 256
599, 133485000, 256
600, 130938200, 256
601, 135213600, 256
602, 131478700, 256
603, 130560800, 256
604, 138781100, 256
605, 134101800, 256
606, 135762600, 256
607, 152961200, 256
608, 137650600, 256
609, 142297000, 256
610, 135504500, 256
611, 139114500, 256
612, 143368100, 256
613, 148852000, 256
614, 154097900, 256
615, 154950000, 256
616, 148865600, 256
617, 144974000, 256
618, 151549400, 256
619, 148002200, 256
620, 141872800, 256
621, 146866000, 256
622, 150053000, 256
623, 146241800, 256
624, 156569300, 256
625, 154151500, 256
626, 179411400, 256
627, 201740500, 256
628, 196875200, 256
629, 158170200, 256
630, 217909800, 256
631, 196469800, 256
632, 179519900, 256
633, 151891900, 256
634, 156579600, 256
635, 169628500, 256
636, 161081200, 256
637, 164630800, 256
638, 163168300, 256
639, 166190800, 256
640, 225409400, 256
641, 175299700, 256
642, 231937700, 256
643, 228108500, 256
644, 171812400, 256
645, 205441700, 256
646, 202140500, 256
647, 175191400, 256
648, 217433700, 256
649, 211362600, 256
650, 182003300, 256
651, 217694600, 256
652, 191737500, 256
653, 190683400, 256
654, 176956200, 256
655, 256988500, 256
656, 227585900, 256
657, 214035600, 256
658, 236947700, 256
659, 245970700, 256
660, 194835000, 256
661, 190093400, 256
662, 202759300, 256
663, 187246100, 256
664, 183833400, 256
665, 186784500, 256
666, 235939100, 256
667, 205689200, 256
668, 198041200, 256
669, 221099600, 256
670, 193113000, 256
671, 192829700, 256
672, 245164000, 256
673, 286015100, 256
674, 280306800, 256
675, 275069800, 256
676, 194178900, 256
677, 215719500, 256
678, 210245400, 256
679, 203949200, 256
680, 197415600, 256
681, 198901500, 256
682, 213095000, 256
683, 235717900, 256
684, 202295100, 256
685, 207253900, 256
686, 208544000, 256
687, 206417800, 256
688, 202954000, 256
689, 207029300, 256
690, 214679500, 256
691, 207605300, 256
692, 209486100, 256
693, 209592700, 256
694, 212385800, 256
695, 211377800, 256
696, 212521500, 256
697, 224171100, 256
698, 205642500, 256
699, 219780600, 256
5, 35532200, 1024
6, 37796200, 1024
7, 35464300, 1024
8, 35064700, 1024
9, 36381000, 1024
10, 34844400, 1024
11, 36416300, 1024
12, 34073400, 1024
13, 36448600, 1024
14, 34637400, 1024
15, 35861700, 1024
16, 34809800, 1024
17, 35541000, 1024
18, 33610000, 1024
19, 35648800, 1024
20, 35418000, 1024
21, 35194500, 1024
22, 33903200, 1024
23, 35003000, 1024
24, 35901500, 1024
25, 34841600, 1024
26, 34701500, 1024
27, 34841700, 1024
28, 36137600, 1024
29, 34380600, 1024
30, 35378700, 1024
31, 34975300, 1024
32, 34767600, 1024
33, 34872100, 1024
34, 36084400, 1024
35, 35568200, 1024
36, 36072400, 1024
37, 35144000, 1024
38, 35652700, 1024
39, 38806500, 1024
40, 39085200, 1024
41, 36410200, 1024
42, 36063200, 1024
43, 36351500, 1024
44, 36972700, 1024
45, 34634600, 1024
46, 38803500, 1024
47, 40181800, 1024
48, 37064700, 1024
49, 34405300, 1024
50, 34875300, 1024
51, 34668900, 1024
52, 37211600, 1024
53, 37663800, 1024
54, 34220500, 1024
55, 36360500, 1024
56, 34497200, 1024
57, 36310500, 1024
58, 34725300, 1024
59, 37074700, 1024
60, 34599500, 1024
61, 35448400, 1024
62, 39383900, 1024
63, 38593800, 1024
64, 34486700, 1024
65, 36389500, 1024
66, 36941800, 1024
67, 34574000, 1024
68, 36860000, 1024
69, 34976400, 1024
70, 36381400, 1024
71, 36495500, 1024
72, 36604400, 1024
73, 34945500, 1024
74, 35367400, 1024
75, 35861100, 1024
76, 36135700, 1024
77, 37748500, 1024
78, 37368900, 1024
79, 36995600, 1024
80, 35041500, 1024
81, 40862000, 1024
82, 39177100, 1024
83, 34443700, 1024
84, 40647600, 1024
85, 35686500, 1024
86, 35973000, 1024
87, 36417200, 1024
88, 38544000, 1024
89, 36762400, 1024
90, 35930700, 1024
91, 38346700, 1024
92, 37011300, 1024
93, 35775300, 1024
94, 36822300, 1024
95, 35910400, 1024
96, 36585100, 1024
97, 41752500, 1024
98, 35366400, 1024
99, 37249200, 1024
100, 35551600, 1024
101, 35585500, 1024
102, 38291200, 1024
103, 35577000, 1024
104, 41816400, 1024
105, 40592900, 1024
106, 39467100, 1024
107, 42972400, 1024
108, 36334500, 1024
109, 38225500, 1024
110, 45891300, 1024
111, 39129700, 1024
112, 37046800, 1024
113, 38375600, 1024
114, 36924800, 1024
115, 87589300, 1024
116, 42713400, 1024
117, 41620400, 1024
118, 43950600, 1024
119, 39523000, 1024
120, 40470500, 1024
121, 37763200, 1024
122, 34390400, 1024
123, 38656200, 1024
124, 37109300, 1024
125, 40154500, 1024
126, 39823500, 1024
127, 36732600, 1024
128, 36699900, 1024
129, 39404200, 1024
130, 36231100, 1024
131, 35814500, 1024
132, 37245300, 1024
133, 37503700, 1024
134, 36710700, 1024
135, 34605400, 1024
136, 35127100, 1024
137, 36505600, 1024
138, 35228800, 1024
139, 36951200, 1024
140, 35506200, 1024
141, 37774100, 1024
142, 38042200, 1024
143, 38612500, 1024
144, 34758400, 1024
145, 35284300, 1024
146, 35450500, 1024
147, 37416800, 1024
148, 40640100, 1024
149, 41912200, 1024
150, 45357800, 1024
151, 43267300, 1024
152, 37353700, 1024
153, 38167500, 1024
154, 34230700, 1024
155, 43250200, 1024
156, 35255300, 1024
157, 36339100, 1024
158, 43550100, 1024
159, 37284200, 1024
160, 42292600, 1024
161, 44230400, 1024
162, 37355700, 1024
163, 35691200, 1024
164, 35762000, 1024
165, 38373800, 1024
166, 40273400, 1024
167, 39411200, 1024
168, 35805700, 1024
169, 42487300, 1024
170, 38463700, 1024
171, 37078600, 1024
172, 34609400, 1024
173, 38063900, 1024
174, 38270200, 1024
175, 39341100, 1024
176, 39340700, 1024
177, 41641800, 1024
178, 40717300, 1024
179, 40411300, 1024
180, 35893200, 1024
181, 36330700, 1024
182, 41014300, 1024
183, 42013100, 1024
184, 44534600, 1024
185, 40735100, 1024
186, 44488700, 1024
187, 37947600, 1024
188, 43266100, 1024
189, 43315800, 1024
190, 41905700, 1024
191, 38620800, 1024
192, 45525200, 1024
193, 41670300, 1024
194, 36846400, 1024
195, 40620900, 1024
196, 42054800, 1024
197, 41659400, 1024
198, 40132700, 1024
199, 38838300, 1024
200, 39130500, 1024
201, 46764500, 1024
202, 42060500, 1024
203, 39876100, 1024
204, 45839200, 1024
205, 40386700, 1024
206, 41334000, 1024
207, 39541200, 1024
208, 42025700, 1024
209, 41253000, 1024
210, 45231000, 1024
211, 41434300, 1024
212, 43796200, 1024
213, 40249300, 1024
214, 39710800, 1024
215, 43348300, 1024
216, 42234600, 1024
217, 41964100, 1024
218, 40456000, 1024
219, 40168700, 1024
220, 42018200, 1024
221, 36234300, 1024
222, 34154000, 1024
223, 41910200, 1024
224, 43594900, 1024
225, 41019400, 1024
226, 42747100, 1024
227, 43102900, 1024
228, 37087300, 1024
229, 39005300, 1024
230, 35357000, 1024
231, 37919400, 1024
232, 37751300, 1024
233, 36579400, 1024
234, 39245300, 1024
235, 36646100, 1024
236, 35349500, 1024
237, 42284400, 1024
238, 44639300, 1024
239, 40215300, 1024
240, 38088500, 1024
241, 42922400, 1024
242, 38490600, 1024
243, 42479600, 1024
244, 35687700, 1024
245, 39860900, 1024
246, 43761500, 1024
247, 43350300, 1024
248, 36651500, 1024
249, 42494000, 1024
250, 37405000, 1024
251, 40752100, 1024
252, 42971700, 1024
253, 38440400, 1024
254, 41100500, 1024
255, 46642600, 1024
256, 48946800, 1024
257, 40856500, 1024
258, 37196300, 1024
259, 45225800, 1024
260, 38211400, 1024
261, 37240700, 1024
262, 40297000, 1024
263, 43906400, 1024
264, 44601200, 1024
265, 37905100, 1024
266, 40019200, 1024
267, 42358300, 1024
268, 57235400, 1024
269, 42497800, 1024
270, 37165900, 1024
271, 40639700, 1024
272, 36988500, 1024
273, 53984300, 1024
274, 37576300, 1024
275, 48406400, 1024
276, 38036600, 1024
277, 38086500, 1024
278, 46555200, 1024
279, 48594100, 1024
280, 36951100, 1024
281, 40841100, 1024
282, 58549600, 1024
283, 42907800, 1024
284, 47385900, 1024
285, 57234400, 1024
286, 41324700, 1024
287, 43796100, 1024
288, 39312200, 1024
289, 43415600, 1024
290, 41576700, 1024
291, 53243900, 1024
292, 40353700, 1024
293, 38471500, 1024
294, 39517300, 1024
295, 53403400, 1024
296, 45519800, 1024
297, 43017000, 1024
298, 38356000, 1024
299, 54408800, 1024
300, 38937900, 1024
301, 43667900, 1024
302, 42052400, 1024
303, 46971600, 1024
304, 56566200, 1024
305, 40254600, 1024
306, 57519100, 1024
307, 40515900, 1024
308, 40507200, 1024
309, 39925300, 1024
310, 45644600, 1024
311, 39865900, 1024
312, 55827400, 1024
313, 56110900, 1024
314, 59038900, 1024
315, 40665500, 1024
316, 61525900, 1024
317, 43730900, 1024
318, 43260200, 1024
319, 49871700, 1024
320, 53918000, 1024
321, 43031200, 1024
322, 41567000, 1024
323, 48675000, 1024
324, 41195600, 1024
325, 44240300, 1024
326, 45093900, 1024
327, 46826500, 1024
328, 45946100, 1024
329, 44062700, 1024
330, 46293400, 1024
331, 45667100, 1024
332, 47093500, 1024
333, 44269300, 1024
334, 46980000, 1024
335, 47010800, 1024
336, 45330100, 1024
337, 52288000, 1024
338, 51822500, 1024
339, 48454700, 1024
340, 42900300, 1024
341, 51793200, 1024
342, 47930500, 1024
343, 52437300, 1024
344, 48419900, 1024
345, 49872500, 1024
346, 48044700, 1024
347, 44657000, 1024
348, 51921200, 1024
349, 45076800, 1024
350, 44830100, 1024
351, 45037400, 1024
352, 48105300, 1024
353, 47308400, 1024
354, 48440200, 1024
355, 44738500, 1024
356, 51360000, 1024
357, 47927400, 1024
358, 50470000, 1024
359, 52690500, 1024
360, 47373600, 1024
361, 47122200, 1024
362, 51649300, 1024
363, 45538000, 1024
364, 44972100, 1024
365, 48726600, 1024
366, 51454900, 1024
367, 43936200, 1024
368, 40932900, 1024
369, 46910400, 1024
370, 51319700, 1024
371, 49857600, 1024
372, 55909600, 1024
373, 40823800, 1024
374, 52505800, 1024
375, 51767200, 1024
376, 43475100, 1024
377, 46549100, 1024
378, 47834700, 1024
379, 56141200, 1024
380, 51871200, 1024
381, 52448500, 1024
382, 43102200, 1024
383, 50544600, 1024
384, 60509700, 1024
385, 48919200, 1024
386, 46362200, 1024
387, 58000900, 1024
388, 43459500, 1024
389, 50210100, 1024
390, 48646000, 1024
391, 45916300, 1024
392, 50105900, 1024
393, 61913300, 1024
394, 49793100, 1024
395, 48923300, 1024
396, 45714600, 1024
397, 46380200, 1024
398, 54073300, 1024
399, 46648400, 1024
400, 50472700, 1024
401, 54944100, 1024
402, 49798600, 1024
403, 49612000, 1024
404, 47218300, 1024
405, 62948200, 1024
406, 57815800, 1024
407, 51844900, 1024
408, 65280500, 1024
409, 49023200, 1024
410, 58683000, 1024
411, 59868300, 1024
412, 67766300, 1024
413, 63230300, 1024
414, 59198200, 1024
415, 56416400, 1024
416, 71320000, 1024
417, 72233000, 1024
418, 65519900, 1024
419, 51505200, 1024
420, 77618600, 1024
421, 73329000, 1024
422, 65690800, 1024
423, 59668400, 1024
424, 55555700, 1024
425, 71623200, 1024
426, 78450100, 1024
427, 59319000, 1024
428, 79367600, 1024
429, 74657400, 1024
430, 74843500, 1024
431, 95449200, 1024
432, 79727700, 1024
433, 79015500, 1024
434, 65039400, 1024
435, 60740200, 1024
436, 64694700, 1024
437, 82870200, 1024
438, 79966300, 1024
439, 73184100, 1024
440, 79341000, 1024
441, 71526500, 1024
442, 68520900, 1024
443, 93850000, 1024
444, 67972000, 1024
445, 62075800, 1024
446, 66444700, 1024
447, 77854900, 1024
448, 66429600, 1024
449, 78133700, 1024
450, 80676200, 1024
451, 83649100, 1024
452, 94286400, 1024
453, 92667900, 1024
454, 87897600, 1024
455, 86990400, 1024
456, 84043400, 1024
457, 84975100, 1024
458, 87265200, 1024
459, 89094800, 1024
460, 71037100, 1024
461, 73097900, 1024
462, 66448700, 1024
463, 94251900, 1024
464, 91639300, 1024
465, 95658300, 1024
466, 93257200, 1024
467, 77062700, 1024
468, 81420600, 1024
469, 86601800, 1024
470, 80440800, 1024
471, 89331600, 1024
472, 85817100, 1024
473, 75666300, 1024
474, 79890500, 1024
475, 94572300, 1024
476, 78037300, 1024
477, 104920300, 1024
478, 99639800, 1024
479, 92510300, 1024
480, 88310500, 1024
481, 90156900, 1024
482, 107530100, 1024
483, 80692200, 1024
484, 116786700, 1024
485, 100672900, 1024
486, 83617300, 1024
487, 97598100, 1024
488, 102938700, 1024
489, 98604800, 1024
490, 101749600, 1024
491, 100788600, 1024
492, 91989000, 1024
493, 85264400, 1024
494, 101344800, 1024
495, 82180300, 1024
496, 89287700, 1024
497, 93815600, 1024
498, 92402600, 1024
499, 101244600, 1024
500, 88839600, 1024
501, 88165400, 1024
502, 98810600, 1024
503, 95234100, 1024
504, 99834200, 1024
505, 90129900, 1024
506, 93248300, 1024
507, 93700400, 1024
508, 92998200, 1024
509, 117811700, 1024
510, 96543900, 1024
511, 93587400, 1024
512, 112678500, 1024
513, 89908900, 1024
514, 101971500, 1024
515, 91400200, 1024
516, 99284700, 1024
517, 101594900, 1024
518, 94941000, 1024
519, 109587700, 1024
520, 100350600, 1024
521, 96710300, 1024
522, 93329100, 1024
523, 110472000, 1024
524, 113851100, 1024
525, 109046700, 1024
526, 111511800, 1024
527, 117848000, 1024
528, 126281200, 1024
529, 130292000, 1024
530, 109770600, 1024
531, 125538400, 1024
532, 115862900, 1024
533, 130899600, 1024
534, 125137200, 1024
535, 121368000, 1024
536, 134234900, 1024
537, 119045400, 1024
538, 115190800, 1024
539, 125987600, 1024
540, 107565100, 1024
541, 120430900, 1024
542, 124114000, 1024
543, 117881200, 1024
544, 115469000, 1024
545, 108622600, 1024
546, 138356000, 1024
547, 113421100, 1024
548, 119361400, 1024
549, 123823100, 1024
550, 128457800, 1024
551, 124434100, 1024
552, 126670900, 1024
553, 132393000, 1024
554, 136149600, 1024
555, 117406400, 1024
556, 114797600, 1024
557, 124762000, 1024
558, 118052800, 1024
559, 124798800, 1024
560, 134873800, 1024
561, 125121900, 1024
562, 132240300, 1024
563, 155207200, 1024
564, 122778400, 1024
565, 163635000, 1024
566, 138882600, 1024
567, 127587500, 1024
568, 137599600, 1024
569, 122885100, 1024
570, 155797400, 1024
571, 122682400, 1024
572, 140152300, 1024
573, 125438800, 1024
574, 130869400, 1024
575, 134106100, 1024
576, 129830700, 1024
577, 134083500, 1024
578, 143572300, 1024
579, 142960000, 1024
580, 140507000, 1024
581, 145423000, 1024
582, 148243500, 1024
583, 128327600, 1024
584, 129300400, 1024
585, 151084500, 1024
586, 130743700, 1024
587, 134766600, 1024
588, 133682900, 1024
589, 134417200, 1024
590, 146909500, 1024
591, 144498700, 1024
592, 134378100, 1024
593, 148598800, 1024
594, 140514800, 1024
595, 136368300, 1024
596, 133190300, 1024
597, 156462800, 1024
598, 143870600, 1024
599, 136886400, 1024
600, 135027900, 1024
601, 142615700, 1024
602, 133453900, 1024
603, 180030700, 1024
604, 154601300, 1024
605, 142543100, 1024
606, 139575700, 1024
607, 155922800, 1024
608, 141951000, 1024
609, 142710100, 1024
610, 143794300, 1024
611, 142257200, 1024
612, 150236600, 1024
613, 144041400, 1024
614, 144195900, 1024
615, 154251700, 1024
616, 152874500, 1024
617, 152833900, 1024
618, 162640100, 1024
619, 153851100, 1024
620, 147707700, 1024
621, 154221100, 1024
622, 154948500, 1024
623, 152117800, 1024
624, 152867000, 1024
625, 157419200, 1024
626, 155011600, 1024
627, 158358100, 1024
628, 156141400, 1024
629, 166171300, 1024
630, 197765300, 1024
631, 155254900, 1024
632, 163414800, 1024
633, 168093900, 1024
634, 157163300, 1024
635, 194857100, 1024
636, 172294700, 1024
637, 168891200, 1024
638, 160610900, 1024
639, 169859300, 1024
640, 193738100, 1024
641, 168984900, 1024
642, 168256500, 1024
643, 176365900, 1024
644, 172086800, 1024
645, 191041700, 1024
646, 178973500, 1024
647, 174658200, 1024
648, 183769700, 1024
649, 178381500, 1024
650, 185736200, 1024
651, 195229100, 1024
652, 180893900, 1024
653, 193575400, 1024
654, 173528900, 1024
655, 183623000, 1024
656, 173295900, 1024
657, 200822600, 1024
658, 191716700, 1024
659, 184281500, 1024
660, 184594800, 1024
661, 185433500, 1024
662, 226560100, 1024
663, 191262000, 1024
664, 212754900, 1024
665, 208939900, 1024
666, 206665700, 1024
667, 224725800, 1024
668, 209723500, 1024
669, 218749400, 1024
670, 203036900, 1024
671, 222810900, 1024
672, 210325800, 1024
673, 212304300, 1024
674, 204736500, 1024
675, 216175100, 1024
676, 217315400, 1024
677, 211279700, 1024
678, 230905400, 1024
679, 260735500, 1024
680, 205931300, 1024
681, 213277700, 1024
682, 213038600, 1024
683, 219532500, 1024
684, 207282200, 1024
685, 213028700, 1024
686, 206380400, 1024
687, 215356000, 1024
688, 209972200, 1024
689, 211289800, 1024
690, 212796800, 1024
691, 211080500, 1024
692, 227613400, 1024
693, 222186400, 1024
694, 215846800, 1024
695, 215529600, 1024
696, 214618500, 1024
697, 231671700, 1024
698, 220437700, 1024
699, 219877300, 1024