size,time,threads
5,134300,1
6,126100,1
7,125500,1
8,127300,1
9,130000,1
10,177200,1
11,133500,1
12,155000,1
13,143300,1
14,143500,1
15,174700,1
16,156900,1
17,151400,1
18,160600,1
19,165000,1
20,176400,1
21,175800,1
22,178500,1
23,192100,1
24,236100,1
25,218600,1
26,194000,1
27,252200,1
28,210900,1
29,241600,1
30,224900,1
31,232500,1
32,236000,1
33,261200,1
34,260600,1
35,274400,1
36,287200,1
37,278500,1
38,302400,1
39,298400,1
40,317000,1
41,330600,1
42,327700,1
43,346000,1
44,355400,1
45,354100,1
46,363000,1
47,377500,1
48,1348500,1
49,452400,1
50,411900,1
51,444600,1
52,455600,1
53,462100,1
54,483600,1
55,468600,1
56,583600,1
57,497700,1
58,572900,1
59,608000,1
60,541900,1
61,578200,1
62,580000,1
63,610300,1
64,712900,1
65,645700,1
66,638500,1
67,660900,1
68,707200,1
69,694100,1
70,703400,1
71,776800,1
72,725100,1
73,766600,1
74,848900,1
75,935600,1
76,847700,1
77,835200,1
78,821900,1
79,867400,1
80,901300,1
81,890000,1
82,931300,1
83,1060900,1
84,947800,1
85,981200,1
86,987400,1
87,1011000,1
88,1157000,1
89,1048400,1
90,1093400,1
91,2549800,1
92,1112300,1
93,1139200,1
94,1196300,1
95,1176200,1
96,1297000,1
97,1218000,1
98,1340200,1
99,1363100,1
100,1295400,1
101,1461500,1
102,1372700,1
103,1431200,1
104,1406600,1
105,1518400,1
106,1458800,1
107,1477400,1
108,1566700,1
109,1513100,1
110,1530500,1
111,1565400,1
112,1579800,1
113,1644600,1
114,1872300,1
115,1978600,1
116,1797000,1
117,1728400,1
118,1793600,1
119,1863500,1
120,1808200,1
121,1870800,1
122,1980800,1
123,2164700,1
124,2080100,1
125,2030700,1
126,2014700,1
127,2144700,1
128,2068000,1
129,2127200,1
130,2143000,1
131,2153400,1
132,2279400,1
133,2480400,1
134,2972100,1
135,2789800,1
136,2596000,1
137,2345400,1
138,2494400,1
139,2509100,1
140,2748600,1
141,2481200,1
142,3519700,1
143,2731300,1
144,2940200,1
145,2701700,1
146,2972200,1
147,2798100,1
148,2692900,1
149,3060400,1
150,2876900,1
151,3887900,1
152,3813000,1
153,3331400,1
154,3041200,1
155,3164400,1
156,5693600,1
157,3813600,1
158,4971100,1
159,3501800,1
160,3215300,1
161,3434700,1
162,3358900,1
163,3517900,1
164,3590800,1
165,3367100,1
166,3377200,1
167,3760100,1
168,3541900,1
169,3647400,1
170,3708600,1
171,3553800,1
172,4068900,1
173,5780700,1
174,3725400,1
175,3826500,1
176,4504800,1
177,4204800,1
178,4324600,1
179,8741400,1
180,5365600,1
181,4675500,1
182,5428200,1
183,7112200,1
184,4735700,1
185,4432100,1
186,4495100,1
187,4697000,1
188,4741400,1
189,5012000,1
190,4603700,1
191,4548400,1
192,5275200,1
193,4670900,1
194,4668700,1
195,4952800,1
196,12089000,1
197,8495200,1
198,5086500,1
199,4678000,1
200,4918900,1
201,5090700,1
202,4991000,1
203,5135000,1
204,4977900,1
205,5291300,1
206,5701000,1
207,5879900,1
208,9957600,1
209,6072700,1
210,5343300,1
211,5781500,1
212,6344500,1
213,5806500,1
214,6381200,1
215,6268000,1
216,8689000,1
217,6217500,1
218,6177100,1
219,6177200,1
220,6333800,1
221,7501000,1
222,6528400,1
223,6662800,1
224,6457500,1
225,6704500,1
226,6258400,1
227,8248200,1
228,14192700,1
229,7948400,1
230,7594800,1
231,15106600,1
232,7077300,1
233,7453200,1
234,8358100,1
235,8285000,1
236,8723500,1
237,8651800,1
238,8265000,1
239,6842500,1
240,11536800,1
241,7530900,1
242,7275200,1
243,8626600,1
244,8401800,1
245,8520800,1
246,8572700,1
247,8713100,1
248,7650300,1
249,7071400,1
250,8290400,1
251,7568700,1
252,7860500,1
253,7678900,1
254,7499200,1
255,7752600,1
256,9936300,1
257,8185200,1
258,7881100,1
259,7741700,1
260,9091500,1
261,9102400,1
262,9561200,1
263,13620500,1
264,11333600,1
265,10761800,1
266,8552100,1
267,8940600,1
268,9452700,1
269,9710100,1
270,9161200,1
271,10221300,1
272,11060800,1
273,9935500,1
274,9210800,1
275,9077700,1
276,9526200,1
277,9257400,1
278,9852200,1
279,9873800,1
280,10885200,1
281,9653800,1
282,9823100,1
283,9833900,1
284,9555700,1
285,18393600,1
286,10123100,1
287,10258400,1
288,9732200,1
289,10018700,1
290,10039700,1
291,10111800,1
292,10772400,1
293,10513600,1
294,11422500,1
295,10330600,1
296,10196800,1
297,11728000,1
298,10489900,1
299,11499600,1
300,10483900,1
301,10752800,1
302,11433900,1
303,10421600,1
304,10592600,1
305,11031100,1
306,11650500,1
307,12491000,1
308,11594000,1
309,11227700,1
310,11529200,1
311,11481900,1
312,11351900,1
313,11513400,1
314,11774300,1
315,12676300,1
316,12676100,1
317,13562800,1
318,14784400,1
319,16291600,1
320,18339600,1
321,15730500,1
322,14080400,1
323,14142000,1
324,13808300,1
325,13403800,1
326,14378200,1
327,17738200,1
328,13370300,1
329,14481700,1
330,13313600,1
331,14094500,1
332,13233900,1
333,15141100,1
334,14951600,1
335,13842500,1
336,14271200,1
337,15039200,1
338,14697500,1
339,17209000,1
340,13643200,1
341,13615500,1
342,14673300,1
343,14960500,1
344,16686100,1
345,14272900,1
346,15084900,1
347,14525800,1
348,14812100,1
349,14524200,1
350,15103700,1
351,15386600,1
352,14464700,1
353,14418300,1
354,15847600,1
355,15610900,1
356,17666000,1
357,15381700,1
358,16460500,1
359,16468000,1
360,21651400,1
361,42794600,1
362,27262300,1
363,44222500,1
364,24786600,1
365,26544000,1
366,23621800,1
367,27437500,1
368,28725400,1
369,24459700,1
370,22366000,1
371,26671500,1
372,19671900,1
373,19861800,1
374,16583500,1
375,19709900,1
376,21641000,1
377,19947200,1
378,18416300,1
379,20641900,1
380,17917900,1
381,20131300,1
382,18428800,1
383,19904800,1
384,20919800,1
385,21804600,1
386,20177200,1
387,20017200,1
388,22611300,1
389,31406900,1
390,21329500,1
391,22257500,1
392,24362400,1
393,22034700,1
394,24936800,1
395,23463800,1
396,22366000,1
397,28820300,1
398,36017200,1
399,29068300,1
400,29438000,1
401,21484900,1
402,22376700,1
403,21195800,1
404,21998300,1
405,21640300,1
406,21464800,1
407,22061500,1
408,21305000,1
409,23723400,1
410,23577100,1
411,22257800,1
412,25960000,1
413,23266000,1
414,20420300,1
415,20520600,1
416,21407800,1
417,25492000,1
418,32719100,1
419,24584600,1
420,26495400,1
421,27826500,1
422,31737100,1
423,24006700,1
424,26974800,1
425,24840200,1
426,45217400,1
427,25932300,1
428,24930700,1
429,29164800,1
430,28512200,1
431,27203100,1
432,28168600,1
433,28791800,1
434,38004800,1
435,32626900,1
436,27532700,1
437,32749300,1
438,27162800,1
439,27205400,1
440,29584800,1
441,39434500,1
442,31994300,1
443,28948800,1
444,29114700,1
445,50617800,1
446,36107800,1
447,52522500,1
448,92431000,1
449,72181700,1
450,48925000,1
451,40386500,1
452,31472200,1
453,42679400,1
454,53362800,1
455,29143500,1
456,25830400,1
457,28056300,1
458,55827900,1
459,39135800,1
460,29341900,1
461,32436800,1
462,29882800,1
463,31770600,1
464,30298400,1
465,30861800,1
466,31466000,1
467,27799600,1
468,27453300,1
469,30987800,1
470,44525000,1
471,31466100,1
472,30025800,1
473,36520700,1
474,35027100,1
475,39176800,1
476,32538900,1
477,38579400,1
478,40719900,1
479,29464800,1
480,30959900,1
481,33251300,1
482,34155900,1
483,34115300,1
484,32820900,1
485,34087300,1
486,34603200,1
487,39469700,1
488,32513300,1
489,33062400,1
490,28134600,1
491,28154300,1
492,32335600,1
493,38586500,1
494,48929400,1
495,33025200,1
496,33211200,1
497,42567300,1
498,33250300,1
499,32980400,1
500,34765200,1
5,248900,4
6,187700,4
7,297600,4
8,273700,4
9,312000,4
10,304100,4
11,291700,4
12,310700,4
13,285900,4
14,298400,4
15,382800,4
16,371300,4
17,731300,4
18,374700,4
19,211800,4
20,323400,4
21,225600,4
22,449000,4
23,334200,4
24,332400,4
25,378500,4
26,359600,4
27,360300,4
28,962800,4
29,380300,4
30,386800,4
31,390500,4
32,363000,4
33,585400,4
34,645400,4
35,554000,4
36,501100,4
37,536900,4
38,452300,4
39,1281200,4
40,494300,4
41,465700,4
42,482700,4
43,539100,4
44,600300,4
45,593900,4
46,940500,4
47,550900,4
48,629200,4
49,591600,4
50,635000,4
51,650800,4
52,870400,4
53,640000,4
54,811600,4
55,663200,4
56,663800,4
57,717000,4
58,968000,4
59,720100,4
60,686700,4
61,677500,4
62,776600,4
63,793100,4
64,1402900,4
65,883500,4
66,1125100,4
67,1514300,4
68,1096800,4
69,969000,4
70,835600,4
71,994300,4
72,882600,4
73,869800,4
74,1000400,4
75,924700,4
76,970700,4
77,1175400,4
78,928900,4
79,1003800,4
80,920700,4
81,1077300,4
82,1337900,4
83,1087600,4
84,1139600,4
85,1153700,4
86,1103100,4
87,1200400,4
88,1961900,4
89,20692200,4
90,1631300,4
91,1197300,4
92,1194200,4
93,1363900,4
94,2800700,4
95,1307900,4
96,1474100,4
97,1453900,4
98,1623500,4
99,1593300,4
100,1761300,4
101,1440800,4
102,1589000,4
103,1685200,4
104,1548500,4
105,1578000,4
106,2545200,4
107,1722800,4
108,1816200,4
109,1833000,4
110,1676200,4
111,1761700,4
112,2882100,4
113,1733700,4
114,1849900,4
115,1893100,4
116,1835600,4
117,2149100,4
118,2108300,4
119,1931300,4
120,2177800,4
121,2157500,4
122,2163100,4
123,2234700,4
124,2852500,4
125,2971600,4
126,2216800,4
127,2230500,4
128,2519200,4
129,2236500,4
130,2603900,4
131,2577400,4
132,2525200,4
133,2576400,4
134,3891100,4
135,2459900,4
136,2678900,4
137,2818100,4
138,2657000,4
139,2697700,4
140,2945300,4
141,2632700,4
142,2692900,4
143,2744100,4
144,3090100,4
145,2953000,4
146,3142200,4
147,2803200,4
148,3092000,4
149,3132500,4
150,3227800,4
151,3211800,4
152,3130500,4
153,3277700,4
154,3187200,4
155,3266000,4
156,3297800,4
157,3303200,4
158,3438800,4
159,3515200,4
160,3410800,4
161,3517500,4
162,3445500,4
163,3589400,4
164,4304800,4
165,3593900,4
166,3544200,4
167,3761500,4
168,3929200,4
169,3922500,4
170,3772800,4
171,3856300,4
172,3861800,4
173,3892100,4
174,3990600,4
175,4396200,4
176,4098700,4
177,4884700,4
178,4137800,4
179,4136100,4
180,4182800,4
181,4448600,4
182,5578900,4
183,4238300,4
184,21341200,4
185,4493900,4
186,4276500,4
187,4337000,4
188,4625400,4
189,4597200,4
190,5654800,4
191,5712300,4
192,4956600,4
193,5074600,4
194,4635800,4
195,4973100,4
196,4878700,4
197,5114600,4
198,5207500,4
199,5033300,4
200,5515900,4
201,8157600,4
202,5647300,4
203,5493600,4
204,5357100,4
205,6974800,4
206,6259800,4
207,5907500,4
208,5440600,4
209,5438600,4
210,5824900,4
211,6368400,4
212,5485000,4
213,6187900,4
214,6049600,4
215,5758300,4
216,6284700,4
217,6785900,4
218,6126700,4
219,7541800,4
220,7604700,4
221,6601200,4
222,7140000,4
223,6409400,4
224,7089000,4
225,6421800,4
226,6462100,4
227,6416500,4
228,6462400,4
229,7094500,4
230,6454700,4
231,8277900,4
232,7065600,4
233,6613000,4
234,7065500,4
235,7444400,4
236,7243900,4
237,6933900,4
238,6810800,4
239,7272900,4
240,7103000,4
241,7424600,4
242,7376400,4
243,8823800,4
244,7430600,4
245,7996200,4
246,7592200,4
247,8353400,4
248,7595800,4
249,7630400,4
250,7412000,4
251,7789500,4
252,8248800,4
253,7715200,4
254,8397400,4
255,8017200,4
256,8093800,4
257,10499800,4
258,8359800,4
259,8912400,4
260,8702700,4
261,8469900,4
262,24274600,4
263,9252800,4
264,11865800,4
265,9226100,4
266,8694800,4
267,8782900,4
268,8776500,4
269,8912900,4
270,9349200,4
271,8835200,4
272,9818000,4
273,9300500,4
274,9233800,4
275,8886000,4
276,9729100,4
277,9549500,4
278,10890900,4
279,9788000,4
280,9404900,4
281,9645000,4
282,9662200,4
283,10887900,4
284,9909600,4
285,9809600,4
286,12727000,4
287,9999500,4
288,10289400,4
289,11271900,4
290,10528200,4
291,10915100,4
292,10433400,4
293,10705000,4
294,10615100,4
295,13575800,4
296,10289500,4
297,11410100,4
298,10727800,4
299,10923100,4
300,10745700,4
301,11106800,4
302,11184000,4
303,11040200,4
304,13852400,4
305,11499000,4
306,11285000,4
307,11999400,4
308,11367500,4
309,12194800,4
310,11560500,4
311,11645000,4
312,11698200,4
313,13078600,4
314,12517600,4
315,11931000,4
316,12057400,4
317,12847600,4
318,13273700,4
319,12091100,4
320,12687700,4
321,12444700,4
322,12457200,4
323,12613200,4
324,12764800,4
325,12784800,4
326,12793300,4
327,14975300,4
328,13463600,4
329,13114500,4
330,12932300,4
331,13046000,4
332,13278600,4
333,13167500,4
334,13332400,4
335,13546100,4
336,13476000,4
337,13712800,4
338,13710200,4
339,14672000,4
340,13629500,4
341,14038400,4
342,15291600,4
343,15154400,4
344,23362900,4
345,21976900,4
346,15855900,4
347,17964200,4
348,20961200,4
349,17127200,4
350,19964600,4
351,20897600,4
352,25349300,4
353,18513900,4
354,19039300,4
355,19283700,4
356,19248700,4
357,24113800,4
358,25369800,4
359,22624700,4
360,26576600,4
361,19189500,4
362,23480200,4
363,23594800,4
364,21332300,4
365,23005600,4
366,24051400,4
367,19059300,4
368,27990200,4
369,28715300,4
370,20828800,4
371,19970300,4
372,24296000,4
373,20975000,4
374,22378900,4
375,20821500,4
376,25582900,4
377,18830900,4
378,17705200,4
379,23327100,4
380,17129300,4
381,25630900,4
382,17679700,4
383,19121000,4
384,21641800,4
385,20408600,4
386,18063900,4
387,20868400,4
388,18322500,4
389,23717400,4
390,19243700,4
391,18121400,4
392,18643900,4
393,20925400,4
394,20291100,4
395,20790500,4
396,21369900,4
397,22204700,4
398,20963100,4
399,22427700,4
400,22581300,4
401,21567900,4
402,22103900,4
403,24607400,4
404,22452600,4
405,22072400,4
406,28203400,4
407,28291900,4
408,22805100,4
409,24911600,4
410,26371000,4
411,28022200,4
412,23419800,4
413,26312900,4
414,33282200,4
415,28202400,4
416,32818600,4
417,23874100,4
418,27838100,4
419,25406400,4
420,29255300,4
421,30248000,4
422,30073200,4
423,24414100,4
424,25374000,4
425,25108000,4
426,27896000,4
427,28330400,4
428,30947400,4
429,27812400,4
430,27170800,4
431,32130700,4
432,27246500,4
433,22313600,4
434,24531000,4
435,23398300,4
436,32818400,4
437,26083400,4
438,27980600,4
439,34048000,4
440,41005300,4
441,32660200,4
442,29014100,4
443,31959700,4
444,27883000,4
445,46692800,4
446,44088700,4
447,30061700,4
448,34386100,4
449,38383300,4
450,31220900,4
451,31364700,4
452,38682900,4
453,30823300,4
454,39174800,4
455,29579900,4
456,29413900,4
457,43162200,4
458,55316700,4
459,41500600,4
460,28233600,4
461,36480200,4
462,33856300,4
463,37758500,4
464,32966500,4
465,64716000,4
466,35212200,4
467,44689100,4
468,44118600,4
469,38186900,4
470,31085000,4
471,34070100,4
472,30527700,4
473,41262500,4
474,32170500,4
475,47056700,4
476,36433000,4
477,36994700,4
478,38100200,4
479,38339500,4
480,32042400,4
481,39752700,4
482,32322900,4
483,29587300,4
484,33819300,4
485,58035000,4
486,41139600,4
487,37212200,4
488,33774700,4
489,36573700,4
490,32870600,4
491,33388200,4
492,33785700,4
493,54844000,4
494,43412500,4
495,49943400,4
496,39808200,4
497,34458200,4
498,39679100,4
499,40806900,4
500,42215600,4
5,113200,16
6,139800,16
7,146800,16
8,210800,16
9,142200,16
10,158200,16
11,157000,16
12,163500,16
13,164700,16
14,186000,16
15,167800,16
16,329400,16
17,325600,16
18,319100,16
19,304100,16
20,378700,16
21,649600,16
22,354600,16
23,357200,16
24,504000,16
25,348400,16
26,500500,16
27,388500,16
28,380200,16
29,401200,16
30,430100,16
31,469500,16
32,767200,16
33,524100,16
34,568800,16
35,545300,16
36,699400,16
37,673000,16
38,850000,16
39,652100,16
40,659400,16
41,929000,16
42,732700,16
43,1179200,16
44,1128200,16
45,789900,16
46,754400,16
47,973300,16
48,848600,16
49,921000,16
50,851400,16
51,1039800,16
52,811200,16
53,971200,16
54,1218800,16
55,1074600,16
56,1491000,16
57,3760900,16
58,820800,16
59,930900,16
60,875800,16
61,817500,16
62,1585800,16
63,1208900,16
64,1191600,16
65,1003500,16
66,1165600,16
67,1158300,16
68,1562100,16
69,1009900,16
70,1202200,16
71,1112800,16
72,1068000,16
73,1158300,16
74,2223200,16
75,1149200,16
76,1199400,16
77,1317300,16
78,1461600,16
79,1477800,16
80,1750100,16
81,1465800,16
82,1448800,16
83,1530400,16
84,1693600,16
85,1485500,16
86,2650000,16
87,1594900,16
88,1476500,16
89,1825000,16
90,1713000,16
91,1458400,16
92,2548300,16
93,1842100,16
94,1672300,16
95,1675200,16
96,2505800,16
97,1833300,16
98,2977400,16
99,1900300,16
100,1723600,16
101,2132300,16
102,2236100,16
103,2280100,16
104,2976300,16
105,2134100,16
106,2323000,16
107,2381500,16
108,2299600,16
109,2234200,16
110,2962900,16
111,2351100,16
112,2631400,16
113,2479900,16
114,2409600,16
115,2805400,16
116,4329300,16
117,2887500,16
118,2770900,16
119,2684000,16
120,2989900,16
121,3404600,16
122,4262300,16
123,3314400,16
124,3163700,16
125,3168500,16
126,4050400,16
127,3328900,16
128,5478600,16
129,4027200,16
130,3369200,16
131,3131600,16
132,3617900,16
133,3952800,16
134,3759000,16
135,3526400,16
136,3974100,16
137,4261500,16
138,3701700,16
139,4395700,16
140,4713000,16
141,4053300,16
142,4078800,16
143,4675300,16
144,4465200,16
145,4597100,16
146,4194700,16
147,4716100,16
148,4856800,16
149,4676300,16
150,5146200,16
151,5077000,16
152,4780700,16
153,4753600,16
154,4866200,16
155,4923500,16
156,5219200,16
157,5354300,16
158,5239900,16
159,5087000,16
160,7355300,16
161,5173900,16
162,5923100,16
163,5215000,16
164,5305300,16
165,5272400,16
166,5336400,16
167,7184800,16
168,6192300,16
169,6257100,16
170,6236500,16
171,8503500,16
172,8245100,16
173,6504900,16
174,6790500,16
175,7042700,16
176,7361300,16
177,7407700,16
178,8755100,16
179,6889100,16
180,8139200,16
181,6896900,16
182,8093300,16
183,6448700,16
184,6391300,16
185,7677100,16
186,7612700,16
187,7945800,16
188,7243600,16
189,6975900,16
190,7270600,16
191,7904000,16
192,7615200,16
193,7532800,16
194,7583600,16
195,8661200,16
196,7641300,16
197,7406000,16
198,8573700,16
199,9371600,16
200,8179000,16
201,8275400,16
202,8409500,16
203,8771800,16
204,8059200,16
205,8011000,16
206,8312400,16
207,8773800,16
208,10655600,16
209,16060400,16
210,10540100,16
211,8054600,16
212,9924000,16
213,9742300,16
214,9337000,16
215,11346400,16
216,10562100,16
217,9435400,16
218,8842000,16
219,10202000,16
220,11235500,16
221,9579500,16
222,9620800,16
223,9762500,16
224,10109500,16
225,9870000,16
226,10076900,16
227,10055900,16
228,10222800,16
229,11366700,16
230,10381900,16
231,11601800,16
232,10841800,16
233,10891900,16
234,11007400,16
235,11182000,16
236,10755400,16
237,11268800,16
238,11519000,16
239,11187500,16
240,12108300,16
241,12733500,16
242,12711700,16
243,12295400,16
244,11974800,16
245,11778800,16
246,11747100,16
247,12236000,16
248,13816600,16
249,12641600,16
250,12713200,16
251,11868400,16
252,12646600,16
253,12868500,16
254,12731600,16
255,13541700,16
256,12951300,16
257,13536900,16
258,12705800,16
259,14031600,16
260,13616000,16
261,16534200,16
262,13583500,16
263,13930400,16
264,14214600,16
265,15466400,16
266,13649500,16
267,12998200,16
268,14210900,16
269,14534300,16
270,13799100,16
271,14407100,16
272,16496000,16
273,15808000,16
274,14745800,16
275,15465500,16
276,14669800,16
277,15609100,16
278,14755700,16
279,14575400,16
280,17339000,16
281,14758500,16
282,15262400,16
283,16581600,16
284,16289400,16
285,16208000,16
286,16860900,16
287,15442500,16
288,16697600,16
289,16165000,16
290,17045700,16
291,16177700,16
292,27848700,16
293,17330600,16
294,17547600,16
295,16580600,16
296,17320000,16
297,16826700,16
298,18632100,16
299,17986500,16
300,17326000,16
301,18216600,16
302,19451100,16
303,17655800,16
304,18635300,16
305,21396200,16
306,21030100,16
307,19771100,16
308,62044800,16
309,18757600,16
310,18735300,16
311,19432300,16
312,19156500,16
313,18842900,16
314,20210500,16
315,19912900,16
316,19320800,16
317,21156400,16
318,23805000,16
319,20564900,16
320,20862900,16
321,21336700,16
322,21129700,16
323,21714200,16
324,21247200,16
325,27514200,16
326,22317900,16
327,23317400,16
328,24858600,16
329,22154200,16
330,24342200,16
331,25794700,16
332,28569300,16
333,26905500,16
334,27221400,16
335,30305400,16
336,24093300,16
337,45356200,16
338,25183200,16
339,23678500,16
340,22443800,16
341,27771700,16
342,25005100,16
343,24529200,16
344,23223500,16
345,25131200,16
346,33488800,16
347,24784500,16
348,26710800,16
349,29212400,16
350,26781800,16
351,26410000,16
352,26647400,16
353,28078300,16
354,28121800,16
355,24850000,16
356,27959800,16
357,30506000,16
358,27676700,16
359,25542000,16
360,28104000,16
361,29241500,16
362,29122200,16
363,28639500,16
364,27766200,16
365,26122200,16
366,31420800,16
367,27042400,16
368,33422500,16
369,27947900,16
370,26978000,16
371,26590900,16
372,28053500,16
373,31779400,16
374,30212200,16
375,33394700,16
376,30858100,16
377,31727200,16
378,41593500,16
379,32321400,16
380,39016500,16
381,38288800,16
382,33847100,16
383,36107900,16
384,45468500,16
385,33981800,16
386,29585500,16
387,34827000,16
388,32782000,16
389,36793300,16
390,36626900,16
391,49374100,16
392,37101300,16
393,34875200,16
394,35938300,16
395,72291100,16
396,37668000,16
397,115692700,16
398,37293800,16
399,40826500,16
400,36951300,16
401,36128500,16
402,36064800,16
403,42328000,16
404,40205000,16
405,42745500,16
406,40877700,16
407,39675500,16
408,48318400,16
409,38491900,16
410,40345900,16
411,38453700,16
412,41862900,16
413,39841400,16
414,47791900,16
415,40992700,16
416,39197100,16
417,43819900,16
418,60089100,16
419,42466400,16
420,41763600,16
421,42098500,16
422,46725600,16
423,44672300,16
424,51353800,16
425,43229600,16
426,42335300,16
427,45404100,16
428,46838600,16
429,41691800,16
430,44331900,16
431,54153600,16
432,48434500,16
433,45538100,16
434,50596600,16
435,46828400,16
436,64022000,16
437,63483300,16
438,56036000,16
439,89218700,16
440,81738100,16
441,67158000,16
442,64518800,16
443,71013700,16
444,64203400,16
445,71168400,16
446,61356400,16
447,61166800,16
448,74102800,16
449,77046400,16
450,52154600,16
451,65645600,16
452,69350600,16
453,66578500,16
454,81647400,16
455,60357000,16
456,61625700,16
457,56521500,16
458,70679700,16
459,67205800,16
460,66778600,16
461,81021800,16
462,63903000,16
463,72564600,16
464,98596800,16
465,101427600,16
466,76638600,16
467,73530500,16
468,70887500,16
469,84735900,16
470,90356200,16
471,87975400,16
472,78777200,16
473,80746500,16
474,81508200,16
475,81670600,16
476,68591200,16
477,96611700,16
478,114137500,16
479,106353000,16
480,64800500,16
481,67297400,16
482,95842900,16
483,90550500,16
484,67193800,16
485,82733300,16
486,64249300,16
487,68076100,16
488,83132000,16
489,84546100,16
490,89472200,16
491,99868700,16
492,80008300,16
493,82466000,16
494,76918200,16
495,77717200,16
496,97423400,16
497,72189700,16
498,87708500,16
499,74990200,16
500,84365400,16
5,153800,64
6,186200,64
7,151200,64
8,187700,64
9,178800,64
10,196500,64
11,171100,64
12,223200,64
13,238600,64
14,262400,64
15,217900,64
16,212100,64
17,269000,64
18,293000,64
19,238600,64
20,222400,64
21,230800,64
22,368700,64
23,367200,64
24,270500,64
25,302200,64
26,409600,64
27,298400,64
28,374600,64
29,463800,64
30,327000,64
31,487200,64
32,522000,64
33,482600,64
34,485500,64
35,475400,64
36,672600,64
37,590600,64
38,449200,64
39,516900,64
40,803000,64
41,924900,64
42,790900,64
43,687500,64
44,945200,64
45,1231100,64
46,666100,64
47,766000,64
48,1505700,64
49,1240100,64
50,1156300,64
51,1340200,64
52,1255200,64
53,1443800,64
54,974100,64
55,1503400,64
56,1279900,64
57,1366500,64
58,1227300,64
59,1882400,64
60,1776400,64
61,1255200,64
62,1560500,64
63,1462300,64
64,2029900,64
65,2244500,64
66,2188000,64
67,1809000,64
68,2250000,64
69,2794500,64
70,2378000,64
71,2657800,64
72,1550200,64
73,2604100,64
74,2996100,64
75,2406700,64
76,2357100,64
77,2732600,64
78,2438900,64
79,3229300,64
80,2353500,64
81,2793300,64
82,4590600,64
83,2316500,64
84,3339000,64
85,2134900,64
86,2626000,64
87,2783700,64
88,3893900,64
89,3788200,64
90,3669500,64
91,5845000,64
92,4139900,64
93,3252200,64
94,3555700,64
95,3399600,64
96,3267000,64
97,3426100,64
98,4445100,64
99,4347700,64
100,3864700,64
101,7466000,64
102,9577800,64
103,4651800,64
104,7568900,64
105,5413000,64
106,3875900,64
107,3807000,64
108,6512900,64
109,4427600,64
110,4209200,64
111,13943100,64
112,3544600,64
113,4217900,64
114,7128500,64
115,5013500,64
116,5984200,64
117,7449700,64
118,12334900,64
119,8504900,64
120,6711000,64
121,7984000,64
122,18832600,64
123,12889300,64
124,8401900,64
125,23875500,64
126,5136600,64
127,6303600,64
128,10506300,64
129,11930600,64
130,6363500,64
131,20731500,64
132,11945400,64
133,31948900,64
134,12424400,64
135,6639700,64
136,26748200,64
137,19852600,64
138,4928200,64
139,22927800,64
140,15934300,64
141,17545200,64
142,6416000,64
143,13364400,64
144,10931900,64
145,7515000,64
146,8229700,64
147,9357800,64
148,13293600,64
149,7296500,64
150,19226400,64
151,6803100,64
152,15234900,64
153,37248500,64
154,31225500,64
155,40828100,64
156,17299300,64
157,12493600,64
158,26492000,64
159,15155600,64
160,14988700,64
161,10201500,64
162,46303700,64
163,30792100,64
164,17767900,64
165,23495400,64
166,12164800,64
167,11839800,64
168,25521900,64
169,11595700,64
170,32973900,64
171,13831600,64
172,10476900,64
173,54508900,64
174,77560000,64
175,30331100,64
176,25565800,64
177,10492100,64
178,13371900,64
179,26720100,64
180,18025400,64
181,23474900,64
182,13582400,64
183,22559800,64
184,10018300,64
185,11800500,64
186,20657700,64
187,24474500,64
188,28324000,64
189,21317500,64
190,55167100,64
191,11769000,64
192,15383400,64
193,17397700,64
194,19029200,64
195,12513500,64
196,28632400,64
197,13695200,64
198,12934800,64
199,12333100,64
200,62424600,64
201,20552400,64
202,33679100,64
203,14462000,64
204,27629900,64
205,199974000,64
206,33568700,64
207,137056900,64
208,71685800,64
209,33843800,64
210,53623000,64
211,26596900,64
212,61909200,64
213,102114800,64
214,32861000,64
215,28609900,64
216,28570100,64
217,71349000,64
218,154267200,64
219,15605700,64
220,41994100,64
221,23288100,64
222,21399700,64
223,17262500,64
224,58929900,64
225,81296600,64
226,45143300,64
227,22620100,64
228,46160700,64
229,158066000,64
230,28616500,64
231,17593200,64
232,82837200,64
233,141132100,64
234,125545400,64
235,18018100,64
236,113826000,64
237,17039800,64
238,32543800,64
239,93326200,64
240,77980700,64
241,75126200,64
242,127869500,64
243,134652300,64
244,90917700,64
245,20853900,64
246,24445000,64
247,62630400,64
248,31463000,64
249,108471300,64
250,113396700,64
251,35960400,64
252,106792900,64
253,138825500,64
254,42366800,64
255,142110000,64
256,51606800,64
257,173229700,64
258,20557600,64
259,47817800,64
260,29919600,64
261,39686000,64
262,49636300,64
263,25730800,64
264,164839800,64
265,64412600,64
266,42036500,64
267,23375500,64
268,147224700,64
269,214691000,64
270,29989600,64
271,54222400,64
272,55524100,64
273,47747700,64
274,60716600,64
275,29805900,64
276,85994400,64
277,32766600,64
278,52385600,64
279,271151300,64
280,210199200,64
281,79872000,64
282,31117400,64
283,94348300,64
284,28476700,64
285,60477100,64
286,23985100,64
287,63511900,64
288,254882100,64
289,46764400,64
290,30901000,64
291,20703900,64
292,146489000,64
293,29514700,64
294,134609800,64
295,56005600,64
296,25373600,64
297,33820600,64
298,139489600,64
299,50394700,64
300,41827400,64
301,50520700,64
302,193575900,64
303,54737600,64
304,57267000,64
305,102934300,64
306,137109700,64
307,37324900,64
308,68621600,64
309,30823100,64
310,56108600,64
311,109282500,64
312,238613100,64
313,164179800,64
314,332612700,64
315,286759000,64
316,120604300,64
317,33710000,64
318,253915900,64
319,25925100,64
320,62465300,64
321,45136600,64
322,60167100,64
323,326745600,64
324,52901300,64
325,300849900,64
326,47433600,64
327,28194200,64
328,73826300,64
329,176689200,64
330,76032300,64
331,127972200,64
332,51937300,64
333,35420000,64
334,60774900,64
335,272701500,64
336,57554300,64
337,60221200,64
338,135518000,64
339,31912500,64
340,98755300,64
341,47697300,64
342,296653000,64
343,120379200,64
344,60673200,64
345,119232200,64
346,362813900,64
347,119637400,64
348,116238400,64
349,75825400,64
350,42453000,64
351,89842900,64
352,96832300,64
353,56485900,64
354,149675600,64
355,100075200,64
356,86544500,64
357,116410000,64
358,696815200,64
359,77297400,64
360,128857100,64
361,69957900,64
362,525341200,64
363,102447000,64
364,70509900,64
365,784546500,64
366,131160700,64
367,523027300,64
368,210270900,64
369,206407000,64
370,243160700,64
371,871645800,64
372,98616200,64
373,680470800,64
374,368926100,64
375,138574400,64
376,98150200,64
377,506221500,64
378,171393100,64
379,99379700,64
380,79016300,64
381,612386200,64
382,72632800,64
383,190893000,64
384,136949600,64
385,118121000,64
386,368008700,64
387,154719600,64
388,523789600,64
389,675634800,64
390,235633100,64
391,105484200,64
392,411996500,64
393,324515300,64
394,615539000,64
395,303717600,64
396,55835500,64
397,283378900,64
398,165154300,64
399,166631000,64
400,200313800,64
401,213894900,64
402,278605400,64
403,214066500,64
404,780270300,64
405,123888200,64
406,1055481000,64
407,869620200,64
408,195576800,64
409,373086300,64
410,171341500,64
411,792644300,64
412,372852600,64
413,403187800,64
414,69063900,64
415,164160200,64
416,123886800,64
417,133893900,64
418,817407000,64
419,117644000,64
420,91321700,64
421,150471400,64
422,264038500,64
423,514140300,64
424,133840400,64
425,1490256200,64
426,81548700,64
427,254044000,64
428,502300300,64
429,143128500,64
430,218854200,64
431,139904500,64
432,678044300,64
433,284543700,64
434,917331700,64
435,188314100,64
436,411762600,64
437,444577400,64
438,226091500,64
439,771338900,64
440,514632900,64
441,147108300,64
442,704696600,64
443,295892700,64
444,162300700,64
445,172906000,64
446,409413200,64
447,864988700,64
448,794982200,64
449,168143600,64
450,363088900,64
451,199609700,64
452,1979299500,64
453,210774600,64
454,140295100,64
455,168550200,64
456,155583100,64
457,378320500,64
458,142742200,64
459,143475800,64
460,597571300,64
461,257269300,64
462,267801100,64
463,163083500,64
464,170198600,64
465,205304700,64
466,889749300,64
467,219839900,64
468,161705100,64
469,180693900,64
470,229647000,64
471,223160200,64
472,87180700,64
473,404048600,64
474,881978700,64
475,235733600,64
476,607797100,64
477,332961600,64
478,290874300,64
479,200697400,64
480,1267372500,64
481,116687500,64
482,905803000,64
483,189187700,64
484,634253500,64
485,302881100,64
486,272381500,64
487,191861700,64
488,166254800,64
489,1026058700,64
490,195962400,64
491,142728500,64
492,104871200,64
493,328181700,64
494,257137900,64
495,132735600,64
496,135493500,64
497,104050600,64
498,118112700,64
499,363559800,64
500,83137900,64
5,141700,256
6,169900,256
7,156200,256
8,165900,256
9,154500,256
10,164000,256
11,164500,256
12,178900,256
13,180300,256
14,180000,256
15,180800,256
16,188700,256
17,192200,256
18,201300,256
19,208100,256
20,227200,256
21,365000,256
22,271300,256
23,241200,256
24,325100,256
25,250500,256
26,284200,256
27,257400,256
28,275700,256
29,276300,256
30,343400,256
31,293100,256
32,381800,256
33,385000,256
34,366700,256
35,343500,256
36,448600,256
37,366600,256
38,402400,256
39,394600,256
40,408500,256
41,409200,256
42,509300,256
43,452200,256
44,599200,256
45,514600,256
46,532800,256
47,630200,256
48,608600,256
49,581300,256
50,575400,256
51,599500,256
52,621000,256
53,793400,256
54,638000,256
55,660600,256
56,719300,256
57,899200,256
58,781100,256
59,762900,256
60,882100,256
61,988900,256
62,1009800,256
63,997300,256
64,1063300,256
65,1179000,256
66,1081900,256
67,1020700,256
68,1075800,256
69,1080000,256
70,1074600,256
71,1126400,256
72,1230300,256
73,1241200,256
74,1281700,256
75,1387400,256
76,1540700,256
77,1353700,256
78,2638200,256
79,1582000,256
80,1465900,256
81,1744700,256
82,1695200,256
83,1634400,256
84,1929000,256
85,1795400,256
86,2236200,256
87,1918400,256
88,2535000,256
89,2587200,256
90,2840100,256
91,4165300,256
92,6246700,256
93,2446900,256
94,2294500,256
95,26625200,256
96,2503300,256
97,2428000,256
98,7979200,256
99,2795500,256
100,3691400,256
101,2428200,256
102,9828000,256
103,11544100,256
104,11241200,256
105,13644800,256
106,2868600,256
107,2758100,256
108,4929500,256
109,16304200,256
110,4927800,256
111,11737100,256
112,3722100,256
113,16491700,256
114,17857000,256
115,21196300,256
116,11227800,256
117,7075500,256
118,3829100,256
119,3541600,256
120,5809400,256
121,8730000,256
122,11766900,256
123,4307100,256
124,21685200,256
125,14534000,256
126,4473000,256
127,34011000,256
128,16930800,256
129,5022600,256
130,7237800,256
131,6313600,256
132,35879800,256
133,37602500,256
134,14594900,256
135,53468300,256
136,41133600,256
137,69242400,256
138,5642700,256
139,4893900,256
140,36245400,256
141,88685700,256
142,13208700,256
143,20479100,256
144,39761500,256
145,43277600,256
146,43787500,256
147,90471500,256
148,130846600,256
149,5672300,256
150,63299600,256
151,92816100,256
152,73492500,256
153,18001800,256
154,6489700,256
155,97357500,256
156,66681500,256
157,90260100,256
158,59214200,256
159,90043400,256
160,7014500,256
161,117806700,256
162,9585600,256
163,7569900,256
164,50833100,256
165,6792400,256
166,121264400,256
167,43591200,256
168,7149000,256
169,32453900,256
170,127466600,256
171,83649800,256
172,148930800,256
173,195409600,256
174,68394800,256
175,21505300,256
176,11819700,256
177,251305200,256
178,14707000,256
179,159798100,256
180,41851100,256
181,83645600,256
182,146086100,256
183,383165400,256
184,180035800,256
185,94784900,256
186,346836600,256
187,216959300,256
188,182145200,256
189,150591000,256
190,139437200,256
191,43230100,256
192,112614800,256
193,15400900,256
194,30698200,256
195,154009000,256
196,39722300,256
197,251432700,256
198,243557200,256
199,175930300,256
200,298963100,256
201,125548900,256
202,200013700,256
203,268988200,256
204,11342700,256
205,542686800,256
206,176357400,256
207,209929700,256
208,414541800,256
209,353389300,256
210,280915600,256
211,437120400,256
212,318383300,256
213,85569600,256
214,387521700,256
215,148333100,256
216,136222800,256
217,19442800,256
218,73025600,256
219,190596600,256
220,422287100,256
221,13863300,256
222,435575000,256
223,22976600,256
224,489275600,256
225,532477300,256
226,244342300,256
227,253348500,256
228,65183400,256
229,553859000,256
230,483256900,256
231,208301900,256
232,802753000,256
233,54776100,256
234,137630400,256
235,78217700,256
236,477719600,256
237,858076600,256
238,187577600,256
239,142759000,256
240,621849200,256
241,648340600,256
242,63937900,256
243,525708900,256
244,1012333600,256
245,417462200,256
246,382879100,256
247,50999700,256
248,149617200,256
249,258839900,256
250,313764400,256
251,500283500,256
252,115183300,256
253,811449200,256
254,242596500,256
255,315624200,256
256,1052910200,256
257,470963600,256
258,94524400,256
259,144368100,256
260,186237000,256
261,565485400,256
262,22706500,256
263,280650700,256
264,304334800,256
265,388786100,256
266,23794100,256
267,800106500,256
268,925814900,256
269,95458300,256
270,611906100,256
271,1608907100,256
272,581546800,256
273,796036400,256
274,19346900,256
275,1052775400,256
276,1015181000,256
277,77043400,256
278,628633500,256
279,291355300,256
280,1307427100,256
281,42913700,256
282,90095000,256
283,862873800,256
284,927263300,256
285,88437900,256
286,133578300,256
287,424981500,256
288,489242800,256
289,1076118700,256
290,1463795100,256
291,51406300,256
292,156769200,256
293,161904700,256
294,271317700,256
295,182919500,256
296,1254691500,256
297,623445800,256
298,667839400,256
299,929964400,256
300,327735600,256
301,173580900,256
302,1332146200,256
303,1198530800,256
304,207258100,256
305,1151936600,256
306,303682300,256
307,298168600,256
308,369924700,256
309,1534509800,256
310,1538066300,256
311,170435400,256
312,183480900,256
313,504052000,256
314,236847900,256
315,179759800,256
316,748609200,256
317,200095900,256
318,131250300,256
319,88219100,256
320,187959700,256
321,1371613400,256
322,319172100,256
323,483472000,256
324,689126900,256
325,809421000,256
326,1556064400,256
327,1908396200,256
328,382412300,256
329,228111600,256
330,2470924700,256
331,2773247400,256
332,514448400,256
333,531190700,256
334,1296756300,256
335,217095000,256
336,689489100,256
337,3455703300,256
338,1002323000,256
339,72804900,256
340,260723500,256
341,54148100,256
342,899102800,256
343,136454300,256
344,66709400,256
345,392903000,256
346,378534200,256
347,786498300,256
348,1053124100,256
349,1721431900,256
350,703482600,256
351,3944620800,256
352,221890500,256
353,274296800,256
354,453473800,256
355,698373400,256
356,757347500,256
357,1661028000,256
358,1388614300,256
359,2134433200,256
360,980806000,256
361,919431700,256
362,464428000,256
363,1153372500,256
364,924990400,256
365,2586134600,256
366,3561729500,256
367,920822700,256
368,1021784700,256
369,2004127100,256
370,2085492900,256
371,1635506900,256
372,387788000,256
373,1523131200,256
374,254621600,256
375,434083300,256
376,1807892000,256
377,294248000,256
378,2449406300,256
379,244400300,256
380,1532461800,256
381,577662500,256
382,292074400,256
383,824806600,256
384,2913980200,256
385,1061422900,256
386,2056594100,256
387,2316378500,256
388,1732796300,256
389,346623300,256
390,4817571500,256
391,369773200,256
392,943890000,256
393,161231900,256
394,3383196300,256
395,2710891700,256
396,432497900,256
397,3326719900,256
398,324241400,256
399,433631400,256
400,212118100,256
401,1386831400,256
402,775419400,256
403,3023642200,256
404,90999800,256
405,503532000,256
406,1431992200,256
407,360823800,256
408,4129573500,256
409,866601800,256
410,1634832700,256
411,101199600,256
412,908827500,256
413,372880500,256
414,1985560700,256
415,2143634900,256
416,2637724700,256
417,3257776000,256
418,451916100,256
419,1013486900,256
420,711330300,256
421,5204601200,256
422,96235800,256
423,1794159500,256
424,2779129100,256
425,406621800,256
426,326943100,256
427,1426894700,256
428,554019700,256
429,3678907800,256
430,550889100,256
431,948550900,256
432,767772400,256
433,2230186200,256
434,1189754100,256
435,229500900,256
436,281650400,256
437,1630652200,256
438,2810266800,256
439,1406932500,256
440,5445694500,256
441,1752591500,256
442,1900207900,256
443,1185555800,256
444,5818820800,256
445,3673085900,256
446,728224300,256
447,4607424800,256
448,1078100900,256
449,2160619600,256
450,1429394000,256
451,1023991500,256
452,2917637400,256
453,827679000,256
454,1007119500,256
455,2429988600,256
456,412804000,256
457,309950500,256
458,4991386700,256
459,716839300,256
460,572083200,256
461,1324756000,256
462,1085358700,256
463,3526753300,256
464,432815200,256
465,5608645500,256
466,764846600,256
467,230119200,256
468,694057500,256
469,3076523300,256
470,405144200,256
471,3185124000,256
472,1196660500,256
473,4448856600,256
474,524592400,256
475,293082100,256
476,913366200,256
477,3581615400,256
478,1747003500,256
479,513382200,256
480,7737533700,256
481,611551400,256
482,508258200,256
483,2287541600,256
484,1448060000,256
485,648148900,256
486,1408809400,256
487,435671900,256
488,371516600,256
489,1395318700,256
490,480562100,256
491,639834400,256
492,873404700,256
493,781399900,256
494,3835341300,256
495,2765374400,256
496,3676060400,256
497,1076537100,256
498,842570300,256
499,1794659400,256
500,5634862400,256
